[
    {
	"teks": " *ONEGAI SHIMASU Onichan* ",
	"image": "https://1.bp.blogspot.com/-OdKJeZjzxq8/X7lwq1SAlsI/AAAAAAAAUHI/qMSl8zS-aJwxUxlHwMDNdwijA1HmiiamACNcBGAsYHQ/s400/ahegao.asia_82973935_2402724406705079_6606569233288674351_n.jpg"
    
	}, 
	 {
	"teks": " *ONEGAI SHIMASU Onichan* ",
	"image": "https://1.bp.blogspot.com/-G5C_VPH8yWQ/X7lwrLKdAAI/AAAAAAAAUHM/G9L3_k3oE-4_SIEsFnXC4UJfUSmuHA1RACNcBGAsYHQ/s400/ahegao.asia_83889216_129678785224316_853779469981145514_n.jpg"
    
	}, 
	 {
	"teks": " *ONEGAI SHIMASU Onichan* ",
	"image": "https://1.bp.blogspot.com/-MgUgWeCPws4/X7lwrZT8RzI/AAAAAAAAUHQ/ZeEuZuUFrDMBmV8h6K6SuuAO2i5vGR7tQCNcBGAsYHQ/s400/ahegao.asia_85219601_493363354624848_6754928566026611431_n.jpg"
    
	}, 
	 {
	"teks": " *ONEGAI SHIMASU Onichan* ",
	"image": "https://1.bp.blogspot.com/-bv2OFysJxao/X7lwin6rvvI/AAAAAAAAUFU/8swn22NW7d4QdvTYlr8p-cqH6zpssFhSgCNcBGAsYHQ/s400/ahegao.asia_101391381_269465114105022_4708928201374189184_n.jpg"
    
	}, 
	 {
	"teks": " *ONEGAI SHIMASU Onichan* ",
	"image": "https://1.bp.blogspot.com/-J5NZIVF8vBs/X7lwimmHL_I/AAAAAAAAUFQ/Yh_fLYm5ZbU48cQhib0fXRS4pX-Qr4jOgCNcBGAsYHQ/s400/ahegao.asia_116457189_328818151614455_6252905908258310249_n.jpg"
    
	}, 
	 {
	"teks": " *ONEGAI SHIMASU Onichan* ",
	"image": "https://1.bp.blogspot.com/-ZJF5otI71Ek/X7lwjadJv1I/AAAAAAAAUFY/Uwv_ne0UT78tFJDhKyTnvugoNMOVplbAgCNcBGAsYHQ/s400/ahegao.asia_117938215_345524609938212_2575289220566261948_n.jpg"
    
	}, 
	 {
	"teks": " *ONEGAI SHIMASU Onichan* ",
	"image": "https://1.bp.blogspot.com/-JIAjI_PTkRo/X7lwj4c5x4I/AAAAAAAAUFc/mII1-nVX2EodmQPY6X9Dz_xvq-uXvgT3gCNcBGAsYHQ/s400/ahegao.asia_118595431_584174432277519_8885323244946829244_n.jpg"
    
	}, 
	 {
	"teks": " *ONEGAI SHIMASU Onichan* ",
	"image": "https://1.bp.blogspot.com/-6iqbboOMGI8/X7lwkPm7lWI/AAAAAAAAUFg/9koT7_Zorcg6BD3Thj9Kez2v9iuYiOGKQCNcBGAsYHQ/s400/ahegao.asia_118944032_718245178727453_6559533919711729295_n.jpg"
    
	}, 
	 {
	"teks": " *ONEGAI SHIMASU Onichan* ",
	"image": "https://1.bp.blogspot.com/-ENHJgCA6dys/X7lwkS1nrtI/AAAAAAAAUFk/SAUXmFNKN04JOvbPpundsXMZC09R_OXTQCNcBGAsYHQ/s400/ahegao.asia_119065564_310449913591436_5301843395330911800_n.jpg"
    
	}, 
	 {
	"teks": " *ONEGAI SHIMASU Onichan* ",
	"image": "https://1.bp.blogspot.com/-2n3eu45TjgM/X7lwkizL9XI/AAAAAAAAUFo/XXAuq2_kFtUb4B8X6gayXj6pn0psGM6mwCNcBGAsYHQ/s400/ahegao.asia_120260740_4458292334246224_8982643966598715857_n.jpg"
    
	}, 
	 {
	"teks": " *ONEGAI SHIMASU Onichan* ",
	"image": "https://1.bp.blogspot.com/-64ftGikFjoI/X7lwk8QcNZI/AAAAAAAAUFw/kGRr0i1i6XsQgSKcJ_I0RQEUmefpcAsyACNcBGAsYHQ/s400/ahegao.asia_120276969_246518300127111_97548407334974443_n.jpg"
    
	}, 
	{
	"teks": " *ONEGAI SHIMASU Onichan* ",
	"image": "https://1.bp.blogspot.com/-cBc6znkTEww/X7lwlLiCY_I/AAAAAAAAUF0/KvOwu5KnS9w8JIBbAGGzrRvuAV59-88UACNcBGAsYHQ/s400/ahegao.asia_120475821_776643349734080_3301337749977132365_n.jpg"
    
	}, 
	 {
	"teks": " *ONEGAI SHIMASU Onichan* ",
	"image": "https://1.bp.blogspot.com/-xWa8xNv7w94/X7lwlVN7ccI/AAAAAAAAUF4/htVcF0Jhjicuv832yP1zz292PZ-doYIVgCNcBGAsYHQ/s400/ahegao.asia_120908800_350523792950788_6023240182647605198_n.jpg"
    
	}, 
	 {
	"teks": " *ONEGAI SHIMASU Onichan* ",
	"image": "https://1.bp.blogspot.com/-dK8esXY4OiM/X7lwmHTkk0I/AAAAAAAAUF8/Qw6Po7obskkVM9r6oxueBQPUxEl6yUpkQCNcBGAsYHQ/s400/ahegao.asia_121007699_2820891484865029_685834135524870000_n.jpg"
    
	}, 
	 {
	"teks": " *ONEGAI SHIMASU Onichan* ",
	"image": "https://1.bp.blogspot.com/-TDrqw_TVKr8/X7lwmjyh2EI/AAAAAAAAUGA/xhF6EXkEL8g4t6bNU7a2ObDb3L5gHRAhgCNcBGAsYHQ/s400/ahegao.asia_122034285_3665648850124601_2591501117712592048_n.jpg"
    
	}, 
	 {
	"teks": " *ONEGAI SHIMASU Onichan* ",
	"image": "https://1.bp.blogspot.com/-pyMzo9PKdC0/X7lwm0DIFjI/AAAAAAAAUGE/r5loTjYTMP02LcVCAYmnyBLGwNFJb9qAQCNcBGAsYHQ/s400/ahegao.asia_122191154_765011594349302_1805797358862279421_n.jpg"
    
	}, 
	 {
	"teks": " *ONEGAI SHIMASU Onichan* ",
	"image": "https://1.bp.blogspot.com/-D8YCq0h5WLw/X7lwnDPnnbI/AAAAAAAAUGI/8JF6h-4_ZXMarplqW02_VMW1YMq1YMxKgCNcBGAsYHQ/s400/ahegao.asia_122611902_1293325991001016_3486806612281472034_n.jpg"
    
	}, 
	 {
	"teks": " *ONEGAI SHIMASU Onichan* ",
	"image": "https://1.bp.blogspot.com/-LLVgqIl_SU0/X7lwncFlAfI/AAAAAAAAUGM/4m0ePm-HursNLYYz4oNXEU39OtQYH-1nACNcBGAsYHQ/s400/ahegao.asia_123008740_177684713945764_1552528533575068734_n.jpg"
    
	}, 
	 {
	"teks": " *ONEGAI SHIMASU Onichan* ",
	"image": "https://1.bp.blogspot.com/-VHQLhCofJeo/X7lwnjTdooI/AAAAAAAAUGQ/9DPx8yz4w3EgUmloN5pBopMi-asrARvuQCNcBGAsYHQ/s400/ahegao.asia_123134431_188549669511428_915090967485030464_n.jpg"
    
	}, 
	 {
	"teks": " *ONEGAI SHIMASU Onichan* ",
	"image": "https://1.bp.blogspot.com/-tffrjfYdlhQ/X7lwn2qrdGI/AAAAAAAAUGU/pPwVCNahf-gi-QIZ0WiaWvKxTgFuQZyXQCNcBGAsYHQ/s400/ahegao.asia_123310431_134327404724927_4967034112981349865_n.jpg"
    
	}, 
	 {
	"teks": " *ONEGAI SHIMASU Onichan* ",
	"image": "https://1.bp.blogspot.com/-jytHuGurkks/X7lwoFEQ4dI/AAAAAAAAUGY/vsOfBnAnVDMWN8F-uetve8b_C8065lDdACNcBGAsYHQ/s400/ahegao.asia_123954562_399078611262511_4246216168004755781_n.jpg"
    
	}, 
	 {
	"teks": " *ONEGAI SHIMASU Onichan* ",
	"image": "https://1.bp.blogspot.com/-rYyJJIz5UEQ/X7lwovpwPmI/AAAAAAAAUGg/jweW0pdM5DUiuhEIlG6lcyXUrwvB4_6vQCNcBGAsYHQ/s400/ahegao.asia_124399487_378332893606846_8126902532118352843_n.jpg"
    
	}, 
	{
	"teks": " *ONEGAI SHIMASU Onichan* ",
	"image": "https://1.bp.blogspot.com/-oXGZFiu0utI/X7lwo9_q2lI/AAAAAAAAUGk/a-2uXwe-V8MkNoAbv1wdvhyArllljGaUACNcBGAsYHQ/s400/ahegao.asia_124604991_3310329199066210_9087421670886561500_n.jpg"
    
	}, 
	 {
	"teks": " *ONEGAI SHIMASU Onichan* ",
	"image": "https://1.bp.blogspot.com/-_e_9ldOxXE8/X7lwpfE4W0I/AAAAAAAAUGo/-ftYCASga0QRukitNcomfUpOdZIJtgpIQCNcBGAsYHQ/s400/ahegao.asia_124659933_1186513361744361_7685774281834364578_n.jpg"
    
	}, 
	 {
	"teks": " *ONEGAI SHIMASU Onichan* ",
	"image": "https://1.bp.blogspot.com/-q-DVd-NEf14/X7lwpU3pH6I/AAAAAAAAUGs/76KVjj5ih9EAUafAymJVuH7v1RVO1MbWACNcBGAsYHQ/s400/ahegao.asia_124666403_279568493454730_992963246265037831_n.jpg"
    
	}, 
	 {
	"teks": " *ONEGAI SHIMASU Onichan* ",
	"image": "https://1.bp.blogspot.com/-xJF2fRaVvuo/X7lwpi9d14I/AAAAAAAAUGw/L_S8a_aih7cqH5spZIugnZJ8e6NpodAuACNcBGAsYHQ/s400/ahegao.asia_124837159_303845460648898_181574946797538127_n.jpg"
    
	}, 
	 {
	"teks": " *ONEGAI SHIMASU Onichan* ",
	"image": "https://1.bp.blogspot.com/-k1HBI1RragM/X7lwpyc__RI/AAAAAAAAUG0/C0ZAB5tGp1EdTKrzudQycmKuNRAZF6G0QCNcBGAsYHQ/s400/ahegao.asia_124913754_154022619769799_4136223928290345548_n.jpg"
    
	}, 
	 {
	"teks": " *ONEGAI SHIMASU Onichan* ",
	"image": "https://1.bp.blogspot.com/-w_VOA4CDHR4/X7lwqCm1ZsI/AAAAAAAAUG4/O6GpHmjra6YIJ4g2FdvBaP6kX3QgdsyngCNcBGAsYHQ/s400/ahegao.asia_124965176_2022335658067989_8254225956991326188_n.jpg"
    
	}, 
	 {
	"teks": " *ONEGAI SHIMASU Onichan* ",
	"image": "https://1.bp.blogspot.com/-Jyiw3i_8U9M/X7lwqXPL17I/AAAAAAAAUG8/fmU87h0ZvUMSXDYD1vaTZtmv9sJrUk-BgCNcBGAsYHQ/s400/ahegao.asia_125088137_2442163396089024_1183162425162894126_n.jpg"
    
	}, 
	 {
	"teks": " *ONEGAI SHIMASU Onichan* ",
	"image": "https://1.bp.blogspot.com/-Jyiw3i_8U9M/X7lwqXPL17I/AAAAAAAAUG8/fmU87h0ZvUMSXDYD1vaTZtmv9sJrUk-BgCNcBGAsYHQ/s400/ahegao.asia_125088137_2442163396089024_1183162425162894126_n.jpg"
    
	}, 
	 {
	"teks": " *ONEGAI SHIMASU Onichan* ",
	"image": "https://1.bp.blogspot.com/-oZvL3Z7IkJU/X7lwqk_sJZI/AAAAAAAAUHA/bN3MDVYlZEMdiqAse0TIF2elJWQLFcNEgCNcBGAsYHQ/s400/ahegao.asia_125506805_1490319708023971_6680398589132556785_n.jpg"
    
	}, 
	 {
	"teks": " *ONEGAI SHIMASU Onichan* ",
	"image": "https://1.bp.blogspot.com/-UiQllN5MVMY/X7lwsrHP-YI/AAAAAAAAUHY/6kAR15MI3O4T2XDaCJoXk9ypGhGRTaKjgCNcBGAsYHQ/s400/ahegotyan_119184571_120069659622775_2050287993612565541_n.jpg"
    
	}, 
	 {
	"teks": " *ONEGAI SHIMASU Onichan* ",
	"image": "https://1.bp.blogspot.com/-E21GVVleitM/X7lwtDK6qDI/AAAAAAAAUHg/o6RMGAkJIj8mSji3fOfBd2BdR3MTc0fKQCNcBGAsYHQ/s400/ahegotyan_120371680_651436782226333_4122249386650541588_n.jpg"
    
	}, 
	{
	"teks": " *ONEGAI SHIMASU Onichan* ",
	"image": "https://1.bp.blogspot.com/-8FR0DW7JcIs/X7lwtFnWFOI/AAAAAAAAUHc/cH0rB8MAl08e-qmFoAjKFYt-Ij1ekgeOgCNcBGAsYHQ/s400/ambiiyah69official_123695302_189483149411510_6981251849930894794_n.jpg"
    
	}, 
	 {
	"teks": " *ONEGAI SHIMASU Onichan* ",
	"image": "https://1.bp.blogspot.com/-Q0fdUuBnE6s/X7lwtcFYQKI/AAAAAAAAUHk/4eYC7Qp2JEEYLyMXTe73OOvG_qJEaFQhwCNcBGAsYHQ/s400/ambiiyahfan_122612996_667818727439945_424230091017720312_n.jpg"
    
	}, 
	 {
	"teks": " *ONEGAI SHIMASU Onichan* ",
	"image": "https://1.bp.blogspot.com/-4TkBi7szaCk/X7lwt3PFCTI/AAAAAAAAUHo/prPm3SVwAzoaTY6LaOd2qMtH6s2XJHwIQCNcBGAsYHQ/s400/ambiiyahfan_122759338_397043374762286_5754104646389371279_n.jpg"
    
	}, 
	 {
	"teks": " *ONEGAI SHIMASU Onichan* ",
	"image": "https://1.bp.blogspot.com/-8h2N3tc0I1U/X7lwtySKzlI/AAAAAAAAUHs/NybGpHUU3aET-jo6JQA_fmIWdAejgesyACNcBGAsYHQ/s400/ambiiyahfan_123099120_391267538673898_2094111787549809917_n.jpg"
    
	}, 
	 {
	"teks": " *ONEGAI SHIMASU Onichan* ",
	"image": "https://1.bp.blogspot.com/-LhFnL_khARo/X7lwuL0L1dI/AAAAAAAAUHw/7XN1nnJFjN46BP6_1-YJjdGe1BEvhDzsgCNcBGAsYHQ/s400/ambiiyahfan_123374103_440723570246595_1993010573267787358_n.jpg"
    
	}, 
	 {
	"teks": " *ONEGAI SHIMASU Onichan* ",
	"image": "https://1.bp.blogspot.com/-ZbGHmjTSU2s/X7lwulgQ7aI/AAAAAAAAUH0/fIuqYAEot60jvTBxzLcMUheh_S_nr6TCgCNcBGAsYHQ/s400/ambiyahhhh_122703828_193324159002940_5534514480302377861_n.jpg"
    
	}, 
	 {
	"teks": " *ONEGAI SHIMASU Onichan* ",
	"image": "https://1.bp.blogspot.com/-jsZnysm-qNo/X7lw4IXXJpI/AAAAAAAAUKI/cA08EraOoCcVHp0z_gR3kfcEG-oRCtKKACNcBGAsYHQ/s400/weareahegao_82089147_1216308361906806_4822442848545391904_n.jpg"
    
	}, 
	 {
	"teks": " *ONEGAI SHIMASU Onichan* ",
	"image": "https://1.bp.blogspot.com/-TUnqF8VDxe8/X7lw4Ya4yCI/AAAAAAAAUKM/ssFlPohH2v4trDo1rFixnWSIVgpURyw4ACNcBGAsYHQ/s400/weareahegao_83173279_153125182776092_8517619524019267436_n.jpg"
    
	}, 
	 {
	"teks": " *ONEGAI SHIMASU Onichan* ",
	"image": "https://1.bp.blogspot.com/-z_zPDbY5c9I/X7lw4twVufI/AAAAAAAAUKQ/18kY_tvKUSEsgDClB6pTgDPG9ztk4MmfwCNcBGAsYHQ/s400/weareahegao_83711884_500259373961647_9193523899758550944_n.jpg"
    
	}, 
	 {
	"teks": " *ONEGAI SHIMASU Onichan* ",
	"image": "https://1.bp.blogspot.com/-cKjGV-ZPm3A/X7lw5HPkPDI/AAAAAAAAUKY/72USgHFkbOAiZV8Gc94NPR7O75h9btTBQCNcBGAsYHQ/s400/weareahegao_85185423_587528102104503_340814702170427786_n.jpg"
    
	}, 
	 {
	"teks": " *ONEGAI SHIMASU Onichan* ",
	"image": "https://1.bp.blogspot.com/-csf7hiHyDQY/X7lw4wrsMsI/AAAAAAAAUKU/OdLyhoDJ4QIVktZ_-9VZQoL7OScvQNOpACNcBGAsYHQ/s400/weareahegao_83832157_3332880953408756_4354219941762644789_n.jpg"
    
	}, 
	{
	"teks": " *ONEGAI SHIMASU Onichan* ",
	"image": "https://1.bp.blogspot.com/-5WeVUwkjnO0/X7lw5biGZVI/AAAAAAAAUKc/uGEX_Yhb6P8U9Zo8rNMRvE5gFerxxXjFACNcBGAsYHQ/s400/weareahegao_85207794_574261153168952_6440340154252283501_n.jpg"
    
	}, 
	 {
	"teks": " *ONEGAI SHIMASU Onichan* ",
	"image": "https://1.bp.blogspot.com/-8EIkb-Z8fMk/X7lw5_xmsII/AAAAAAAAUKk/uUwXGFSOhL85OZq1QP-6mAoTqv6_cq45gCNcBGAsYHQ/s400/weareahegao_88360961_136163637889497_2390392884555518343_n.jpg"
    
	}, 
	 {
	"teks": " *ONEGAI SHIMASU Onichan* ",
	"image": "https://1.bp.blogspot.com/-VhMVvgyL-f4/X7lw5hMsYHI/AAAAAAAAUKg/tdfjLSgDsQAVoarsFRQjQomOViwqL6BywCNcBGAsYHQ/s400/weareahegao_88210701_1261654810702642_3167204428414458501_n.jpg"
    
	}, 
	 {
	"teks": " *ONEGAI SHIMASU Onichan* ",
	"image": "https://1.bp.blogspot.com/-BF8RrUdsYzE/X7lw6MEbclI/AAAAAAAAUKo/KOBuaIOwW14gPFYF7UccTERUJ9iX9qVlwCNcBGAsYHQ/s400/weareahegao_89774575_2616072048648941_3936395886509306901_n.jpg"
    
	}, 
	 {
	"teks": " *ONEGAI SHIMASU Onichan* ",
	"image": "https://1.bp.blogspot.com/-JVk3I1XqcOs/X7lw6Rj9n3I/AAAAAAAAUKs/KPVMopBQit4yNWCudDD07YD0ZyVXVCNZQCNcBGAsYHQ/s400/weareahegao_89814982_514124616183718_5177430274961555534_n.jpg"
    
	}, 
	 {
	"teks": " *ONEGAI SHIMASU Onichan* ",
	"image": "https://1.bp.blogspot.com/-D-Cy8z8MVfI/X7lw6ra7otI/AAAAAAAAUKw/8teurX6_YnYW3t1765QnF34gQJzu8VCowCNcBGAsYHQ/s400/weareahegao_90089878_135703341198151_6650012088507142521_n.jpg"
    
	}, 
	 {
	"teks": " *ONEGAI SHIMASU Onichan* ",
	"image": "https://1.bp.blogspot.com/-D-Cy8z8MVfI/X7lw6ra7otI/AAAAAAAAUKw/8teurX6_YnYW3t1765QnF34gQJzu8VCowCNcBGAsYHQ/s400/weareahegao_90089878_135703341198151_6650012088507142521_n.jpg"
    
	}, 
	 {
	"teks": " *ONEGAI SHIMASU Onichan* ",
	"image": "https://1.bp.blogspot.com/-UMJxB7UkJcs/X7lw634jLzI/AAAAAAAAUK0/UYVsDZ3gJe0PkCsStN8Tq52o390z7QfyQCNcBGAsYHQ/s400/weareahegao_90240198_235297677609094_2394162918248138254_n.jpg"
    
	}, 
	 {
	"teks": " *ONEGAI SHIMASU Onichan* ",
	"image": "https://1.bp.blogspot.com/-k73EmlQYtIM/X7lw7LPHsaI/AAAAAAAAUK4/1E6OKrCZJks_FiYDCtvZ6zQktszlQiyYACNcBGAsYHQ/s400/weareahegao_90305632_210773776837206_4396172292623949345_n.jpg"
    
	}, 
	 {
	"teks": " *ONEGAI SHIMASU Onichan* ",
	"image": "https://1.bp.blogspot.com/-ag_3DFnpYf0/X7lw7diwq0I/AAAAAAAAUK8/QGt-sS19OZQt5c0VymUf0E5mhXmFlghZACNcBGAsYHQ/s400/weareahegao_90854045_2277885389180670_885489525559772750_n.jpg"
    
	}, 
	 {
	"teks": " *ONEGAI SHIMASU Onichan* ",
	"image": "https://1.bp.blogspot.com/-mEqVMz89-ik/X7lw7TRUP8I/AAAAAAAAULA/XMgwlUMehwoxQWjYfscY8ljF3990FQQDACNcBGAsYHQ/s400/weareahegao_91178129_2545064939043708_4086358296586928035_n.jpg"
    
	}, 
	{
	"teks": " *ONEGAI SHIMASU Onichan* ",
	"image": "https://1.bp.blogspot.com/-NsMObBRk31Y/X7lw7x539gI/AAAAAAAAULI/lq_LyK0FJRoxd1UrN-BqC3gilD_Nc000QCNcBGAsYHQ/s400/weareahegao_91634443_2499959000318121_8655409556560457667_n.jpg"
    
	}, 
	 {
	"teks": " *ONEGAI SHIMASU Onichan* ",
	"image": "https://1.bp.blogspot.com/-VEVjf_otzEo/X7lw8K_p0RI/AAAAAAAAULM/a-c9ppzDXfUl0dqeKwFsVsducpsN1U-0QCNcBGAsYHQ/s400/weareahegao_91845252_617545038799148_8221422432858773028_n.jpg"
    
	}, 
	 {
	"teks": " *ONEGAI SHIMASU Onichan* ",
	"image": "https://1.bp.blogspot.com/-U9d56GeCuxM/X7lw8tjkhEI/AAAAAAAAULQ/5ZgSYEftb5oA260NQCR97p-DKP_ULKunQCNcBGAsYHQ/s400/weareahegao_91853440_201089307857344_8832734137445933208_n.jpg"
    
	}, 
	 {
	"teks": " *ONEGAI SHIMASU Onichan* ",
	"image": "https://1.bp.blogspot.com/-y_v-Re2EpMQ/X7lw8sF4JLI/AAAAAAAAULU/r7TjpPXH3MI9UGj2_xNpqoRNvAz0T-LAQCNcBGAsYHQ/s400/weareahegao_91903233_986869481707923_8085106287603521138_n.jpg"
    
	}, 
	 {
	"teks": " *ONEGAI SHIMASU Onichan* ",
	"image": "https://1.bp.blogspot.com/-RWv1DloU54k/X7lw8xEXq5I/AAAAAAAAULY/l6rKxm6b9rc7xrk3OhmwAPzOcK-M6iJUwCNcBGAsYHQ/s400/weareahegao_92675034_213510203259911_1034016939221327472_n.jpg"
    
	}, 
	 {
	"teks": " *ONEGAI SHIMASU Onichan* ",
	"image": "https://1.bp.blogspot.com/-CqglRPi2IEk/X7lw9ZXN7pI/AAAAAAAAULc/rHCNxn61PQ8N5om43ddrQPLV39inwshSwCNcBGAsYHQ/s400/weareahegao_92946162_2665423557072589_3690731444725722940_n.jpg"
    
	}, 
	 {
	"teks": " *ONEGAI SHIMASU Onichan* ",
	"image": "https://1.bp.blogspot.com/-v7-Uh8ZMys4/X7lw9ZqMq1I/AAAAAAAAULg/UuZWaJUAyKEmB6exW1XIIf_v03zlvLAwACNcBGAsYHQ/s400/weareahegao_94887078_570155733628467_6331540576004717225_n.jpg"
    
	}, 
	 {
	"teks": " *ONEGAI SHIMASU Onichan* ",
	"image": "https://1.bp.blogspot.com/-Wg_W1aElgv8/X7lw9v9Yn-I/AAAAAAAAULk/rEHSvL2tzz0SewHFFfaf-sZVAJJxjVUlQCNcBGAsYHQ/s400/weareahegao_95224175_730830810788875_4902477175420581757_n.jpg"
    
	}, 
	 {
	"teks": " *ONEGAI SHIMASU Onichan* ",
	"image": "https://1.bp.blogspot.com/-agtGaDL7fLM/X7lw98Ro1SI/AAAAAAAAULo/zYvji071A40vT_Wdbf35jeWkQeBYfaA8wCNcBGAsYHQ/s400/weareahegao_96357787_263499488365153_2350126307579139139_n.jpg"
    
	}, 
	 {
	"teks": " *ONEGAI SHIMASU Onichan* ",
	"image": "https://1.bp.blogspot.com/-wYubTLTf0Vw/X7lw-AX7AII/AAAAAAAAULs/XN2gjgtEb_gqZVj-3GmHx1erjM_yR11qwCNcBGAsYHQ/s400/weareahegao_97128047_885757705234223_1998560489377186699_n.jpg"
    
	}, 
	 {
	"teks": " *ONEGAI SHIMASU Onichan* ",
	"image": "https://1.bp.blogspot.com/-ZbzlQgnUg4A/X7lw-U0ppKI/AAAAAAAAULw/5ZSMhKr1ktIJ5bNPs09rBjpRAjAXrFVbgCNcBGAsYHQ/s400/weareahegao_97324433_234172327877403_326954704733927277_n.jpg"
    
	}, 
	{
	"teks": " *ONEGAI SHIMASU Onichan* ",
	"image": "https://1.bp.blogspot.com/-w5BiWKbjKZg/X7lw-scSOwI/AAAAAAAAUL0/DZHUOXDCC2QuiNGhpMC3HmF0pVxxpcAnwCNcBGAsYHQ/s400/weareahegao_99428376_680464126068530_5056129491479982272_n.jpg"
    
	}, 
	 {
	"teks": " *ONEGAI SHIMASU Onichan* ",
	"image": "https://1.bp.blogspot.com/-lPZHi8fKwZU/X7lwuuArHvI/AAAAAAAAUH8/PTF0lPBJ6SIs7lYYla-tX-4GgQT-cF5LgCNcBGAsYHQ/s400/weareahegao_100989250_180264540111264_3136744671969104063_n.jpg"
    
	}, 
	 {
	"teks": " *ONEGAI SHIMASU Onichan* ",
	"image": "https://1.bp.blogspot.com/-ZNc3dbYNJE4/X7lwu_aOz3I/AAAAAAAAUIA/nUrj0tehRqkVgaUb332ExZKG7zeiCYc1ACNcBGAsYHQ/s400/weareahegao_101007309_249247466338715_1071039186077218217_n.jpg"
    
	}, 
	 {
	"teks": " *ONEGAI SHIMASU Onichan* ",
	"image": "https://1.bp.blogspot.com/-mDv8pb9P__s/X7lwvSTEFiI/AAAAAAAAUIE/rpDIw-lyxmAuEBXwrUL8MvLaVzvSO96mQCNcBGAsYHQ/s400/weareahegao_101024147_3251183998251277_2046513698140850037_n.jpg"
    
	}, 
	 {
	"teks": " *ONEGAI SHIMASU Onichan* ",
	"image": "https://1.bp.blogspot.com/-yr1QeINBGg8/X7lwv8lZ3gI/AAAAAAAAUII/XrEdHsBSzi0YgDu68qGkuI8OxnExBTufQCNcBGAsYHQ/s400/weareahegao_101495322_255054532385528_586838367788884645_n.jpg"
    
	}, 
	 {
	"teks": " *ONEGAI SHIMASU Onichan* ",
	"image": "https://1.bp.blogspot.com/-uRktONLt3ek/X7lwwiRG6FI/AAAAAAAAUIM/nXsXKy6AIXEh7yrSKCk8jLNu32M9RIj8gCNcBGAsYHQ/s400/weareahegao_102699959_2923673601079174_7567783528234900449_n.jpg"
    
	}, 
	 {
	"teks": " *ONEGAI SHIMASU Onichan* ",
	"image": "https://1.bp.blogspot.com/-_dEvQK4DLO4/X7lww-lDm8I/AAAAAAAAUIQ/uM7ytmKloZ48MhskJDMCTMFyyyFHdZj_gCNcBGAsYHQ/s400/weareahegao_104494533_1338626106327478_2954305189435898235_n.jpg"
    
	}, 
	 {
	"teks": " *ONEGAI SHIMASU Onichan* ",
	"image": "https://1.bp.blogspot.com/-2aIkjLbOJAs/X7lww4aTP9I/AAAAAAAAUIU/K6Hx6wyXghU-xrfaGyFc6mwtuFZswQqjQCNcBGAsYHQ/s400/weareahegao_105938727_577617382895030_4543327848317685870_n.jpg"
    
	}, 
	 {
	"teks": " *ONEGAI SHIMASU Onichan* ",
	"image": "https://1.bp.blogspot.com/-sFBJ5NQIXTQ/X7lwxDXywfI/AAAAAAAAUIY/YMsl4u1kSPA8SsKmSttwoODcsSwpHcFmQCNcBGAsYHQ/s400/weareahegao_106386391_1021482021602113_4283975364737471464_n.jpg"
    
	}, 
	 {
	"teks": " *ONEGAI SHIMASU Onichan* ",
	"image": "https://1.bp.blogspot.com/-4-2VAAbl894/X7lwxh2Pj0I/AAAAAAAAUIc/fNlHXNUWFzAmQm2b9Xt0fqH0oFtUjtkRwCNcBGAsYHQ/s400/weareahegao_107309331_280915883122561_8214084595401802362_n.jpg"
    
	}, 
	 {
	"teks": " *ONEGAI SHIMASU Onichan* ",
	"image": "https://1.bp.blogspot.com/-SKnO03vF72E/X7lwxkilXQI/AAAAAAAAUIg/G4lw5r-nEFc8DC8h2YiOetoeIRVT71CeACNcBGAsYHQ/s400/weareahegao_115933031_166610581589323_989142695493632241_n.jpg"
    
	}, 
	{
	"teks": " *ONEGAI SHIMASU Onichan* ",
	"image": "https://1.bp.blogspot.com/-SQJA89i4fnw/X7lwx2MrbSI/AAAAAAAAUIk/bESdf5kFaU4YtFQ2p9rDwP9dkYslmOD_QCNcBGAsYHQ/s400/weareahegao_117109002_327406184967235_512187816267691949_n.jpg"
    
	}, 
	 {
	"teks": " *ONEGAI SHIMASU Onichan* ",
	"image": "https://1.bp.blogspot.com/-QwpHcObl7us/X7lwyDunhZI/AAAAAAAAUIo/wpYM1F38Q14ivsf50dtlmOBxLldwyzqrQCNcBGAsYHQ/s400/weareahegao_117315280_300786014533388_3263873421788873765_n.jpg"
    
	}, 
	 {
	"teks": " *ONEGAI SHIMASU Onichan* ",
	"image": "https://1.bp.blogspot.com/-T2OCacT8-kc/X7lwyW5kKcI/AAAAAAAAUIs/XX8yOvGdOvoZ8Yl8w6ltSfJhXLBnEh6DQCNcBGAsYHQ/s400/weareahegao_117376999_908668876297546_4986431501795124638_n.jpg"
    
	}, 
	 {
	"teks": " *ONEGAI SHIMASU Onichan* ",
	"image": "https://1.bp.blogspot.com/-R8nQzsz1cMk/X7lwysIExZI/AAAAAAAAUIw/9d6OWCnIqxMmNg_4lcuJAPnox31BWru9ACNcBGAsYHQ/s400/weareahegao_117400590_297064644894436_2454083194815632254_n.jpg"
    
	}, 
	 {
	"teks": " *ONEGAI SHIMASU Onichan* ",
	"image": "https://1.bp.blogspot.com/-c-vBWPFZmw0/X7lwzGwfoII/AAAAAAAAUI0/0-pk8fYaaqwl-adV-9aC9vz-PtDTo2BQQCNcBGAsYHQ/s400/weareahegao_117475654_395209024790693_8221525973493949081_n.jpg"
    
	}, 
	 {
	"teks": " *ONEGAI SHIMASU Onichan* ",
	"image": "https://1.bp.blogspot.com/-g9DxFoDK_5g/X7lwzKOyFTI/AAAAAAAAUI4/1cvSe3lcv9YNklZem1xtGmjqW2efJNu1gCNcBGAsYHQ/s400/weareahegao_117958187_306634247317179_2788449687325286417_n.jpg"
    
	}, 
	 {
	"teks": " *ONEGAI SHIMASU Onichan* ",
	"image": "https://1.bp.blogspot.com/-ySqLQPMWoDI/X7lwzdBrBSI/AAAAAAAAUI8/cnr3P72xPOcIEblXEEVWAIBLvAXp_jMAQCNcBGAsYHQ/s400/weareahegao_117994373_642031183114587_1978451759772943704_n.jpg"
    
	}, 
	 {
	"teks": " *ONEGAI SHIMASU Onichan* ",
	"image": "https://1.bp.blogspot.com/-MJ24-H-Yj4w/X7lwz4_BCcI/AAAAAAAAUJA/dNxKqbLJ4ioZMZ2u8GM-PreTL8wXzl2NwCNcBGAsYHQ/s400/weareahegao_118136624_344502246576724_6120752010264542582_n.jpg"
    
	}, 
	 {
	"teks": " *ONEGAI SHIMASU Onichan* ",
	"image": "https://1.bp.blogspot.com/-1mN5OQFAozw/X7lwz4CcD5I/AAAAAAAAUJE/FArXJeemJskpxemFcWhz7JqhxILteFfdACNcBGAsYHQ/s400/weareahegao_118766785_317293102672083_9206059942802541406_n.jpg"
    
	}, 
	 {
	"teks": " *ONEGAI SHIMASU Onichan* ",
	"image": "https://1.bp.blogspot.com/-MIHzqCx5UZY/X7lw0IC_TPI/AAAAAAAAUJI/YnYTmwvXU6c81S_FE1xAJPyG8jsNELhUACNcBGAsYHQ/s400/weareahegao_118818921_317917266197922_6605133466662137985_n.jpg"
    
	}, 
	 {
	"teks": " *ONEGAI SHIMASU Onichan* ",
	"image": "https://1.bp.blogspot.com/-KaGnIuD0PP0/X7lw0r4zUvI/AAAAAAAAUJM/NR-wsij3hOgC-0R31RRRscuGcBXiq0iwgCNcBGAsYHQ/s400/weareahegao_119706367_660333288011392_4319452443159820759_n.jpg"
    
	}, 
	{
	"teks": " *ONEGAI SHIMASU Onichan* ",
	"image": "https://1.bp.blogspot.com/-6J6hobiQZvw/X7lw0huWUBI/AAAAAAAAUJQ/WZcXVQEtdRgSJIQVgDXDF1KCeVg8cQWXQCNcBGAsYHQ/s400/weareahegao_119745147_190453369239817_8055906176631595205_n.jpg"
    
	}, 
	 {
	"teks": " *ONEGAI SHIMASU Onichan* ",
	"image": "https://1.bp.blogspot.com/-8s6DlKVzWSM/X7lw0-_NxkI/AAAAAAAAUJU/eJTE5hb4tD8HO_aHG8ReNWc_iStZnl-0gCNcBGAsYHQ/s400/weareahegao_121260418_3376061215817436_5010377348468034483_n.jpg"
    
	}, 
	 {
	"teks": " *ONEGAI SHIMASU Onichan* ",
	"image": "https://1.bp.blogspot.com/-u9uSmvg7n-c/X7lw1M4aYkI/AAAAAAAAUJY/DA-1dI8SWS8gHt8BWg6FT_Fld8XzG5QoACNcBGAsYHQ/s400/weareahegao_121534713_260962228626953_9119547107425677856_n.jpg"
    
	}, 
	 {
	"teks": " *ONEGAI SHIMASU Onichan* ",
	"image": "https://1.bp.blogspot.com/-7hymNfj0H7o/X7lw1WPQe4I/AAAAAAAAUJc/q2tD9ULkxjE8HAzJSy66kljzhcNVBgG9QCNcBGAsYHQ/s400/weareahegao_121624760_216124373189302_7709095669178320014_n.jpg"
    
	}, 
	 {
	"teks": " *ONEGAI SHIMASU Onichan* ",
	"image": "https://1.bp.blogspot.com/-yc6VhTMjDrY/X7lw1mckm5I/AAAAAAAAUJg/9vF9wMK-6rs42hYipMk5KvOJQPPDkDvLgCNcBGAsYHQ/s400/weareahegao_121785565_401570320862653_943971802861686570_n.jpg"
    
	}, 
	 {
	"teks": " *ONEGAI SHIMASU Onichan* ",
	"image": "https://1.bp.blogspot.com/-M4-FPOSqGIY/X7lw2DxbhdI/AAAAAAAAUJk/bG1hU68bwNAxoj1ZHYIxCKt-8LN0kZhHwCNcBGAsYHQ/s400/weareahegao_122147287_421117612224616_5847381519574074124_n.jpg"
    
	}, 
	 {
	"teks": " *ONEGAI SHIMASU Onichan* ",
	"image": "https://1.bp.blogspot.com/-6B7xcZYQVh8/X7lw2AknZhI/AAAAAAAAUJo/BHenSqOcXWMqMT4SJOHy0KkJ-V5aQGZUQCNcBGAsYHQ/s400/weareahegao_122186958_169195654837126_4457805861105442168_n.jpg"
    
	}, 
	 {
	"teks": " *ONEGAI SHIMASU Onichan* ",
	"image": "https://1.bp.blogspot.com/-nMP1NJyuGrw/X7lw2bd6aqI/AAAAAAAAUJs/7Z4PtX76ioIqW2s7UreZ3h_bNpLxty1XACNcBGAsYHQ/s400/weareahegao_122430719_213683983445494_428800504366665611_n.jpg"
    
	}, 
	 {
	"teks": " *ONEGAI SHIMASU Onichan* ",
	"image": "https://1.bp.blogspot.com/-z2jljKNG300/X7lw23J6kkI/AAAAAAAAUJw/peDk7-CDrKoycK7sv-0orF1HHXQ2biA9QCNcBGAsYHQ/s400/weareahegao_122577681_681415929148809_8823104794260922079_n.jpg"
    
	}, 
	 {
	"teks": " *ONEGAI SHIMASU Onichan* ",
	"image": "https://1.bp.blogspot.com/-2KixcrHyfXU/X7lw3P1v0lI/AAAAAAAAUJ0/N8ivGoSMbaQGep4LLMEREKZQwx7oFt4kACNcBGAsYHQ/s400/weareahegao_123218576_1106769113132815_3028714995891754962_n.jpg"
    
	}, 
	 {
	"teks": " *ONEGAI SHIMASU Onichan* ",
	"image": "https://1.bp.blogspot.com/-5k-_bwGQHKw/X7lw3FrOFLI/AAAAAAAAUJ4/ysU5zutP3hIs-gvw23P6EJ20BeA2EgaDQCNcBGAsYHQ/s400/weareahegao_123569578_136599584466010_987140285139268466_n.jpg"
    
	}, 
	{
	"teks": " *ONEGAI SHIMASU Onichan* ",
	"image": "https://1.bp.blogspot.com/-3rJsFWzxeH8/X7lw3kaf22I/AAAAAAAAUJ8/_d-NvzCo7S43gMOxbKpN9SXr2Biqo3m7gCNcBGAsYHQ/s400/weareahegao_124017400_188222526103400_4317678676051844743_n.jpg"
    
	}, 
	 {
	"teks": " *ONEGAI SHIMASU Onichan* ",
	"image": "https://1.bp.blogspot.com/-zgQri5Sr4m4/X7lw3wPD-7I/AAAAAAAAUKA/cr8zlfTB0ewNBEtCcQOpMFJVwGhDBowcQCNcBGAsYHQ/s400/weareahegao_124676903_158773899291169_5729387900605225690_n.jpg"
    
	}, 
	 {
	"teks": " *ONEGAI SHIMASU Onichan* ",
	"image": "https://1.bp.blogspot.com/-UnOpDG6g-rU/X7lw3y2AXCI/AAAAAAAAUKE/dPSIPJnxUmganXWtFx5fKCZK4tFkS4zjACNcBGAsYHQ/s400/weareahegao_125301651_487790552159906_1297241889818933978_n.jpg"
    
	}

	
]