[
    {
        "teks" : "nehh ngabb",
        "image": "https://i.ibb.co/SQGvhV3/Amelia-Andani.jpg"
    },
    {
        "teks": "nehh ngabb",
        "image": "https://i.ibb.co/Y7Czt1V/Amelia-Andani-itsandani-Tik-Tok-Tonton-Video-Tik-Tok-Terbaru-Amelia-Andani.jpg"
    },
    {
        "teks": "nehh ngabb",
        "image": "https://i.ibb.co/4VRjDKR/15-foto-cantik-amelia-andani.jpg"
    },
    {
        "teks": "nehh ngabb",
        "image": "https://i.ibb.co/c2kxnSZ/Amelia-Andani-3.jpg"
    },
    {
        "teks": "nehh ngabb",
        "image" : "https://i.ibb.co/CM2T7QS/Amelia-Andani-2.jpg"
    },
    {
        "teks" :"nehh ngabb",
        "image" : "https://i.ibb.co/k9HNYqn/Amelia-Andani-1.jpg"
    },
    {
        "teks" : "nehh ngabb",
        "image" : "https://i.ibb.co/wKzSrLQ/Andani-uhuyy.jpg"
    },
    {
        "teks": "nehh ngabb, bonus",
        "image" : "https://i.ibb.co/wwsP0p7/download.jpg"
    }
]