[
	 {
	"teks": "*Silahkan Diambil Asupan Lolinya*",
	"image": "https://w.wallhaven.cc/full/3k/wallhaven-3k5dl6.jpg"
    },
     {
	"teks": "*Silahkan Diambil Asupan Lolinya*",
	"image": "https://w.wallhaven.cc/full/nm/wallhaven-nmlmjm.jpg"
    },
    {
	"teks": "*Silahkan Diambil Asupan Lolinya*",
	"image": "https://w.wallhaven.cc/full/q6/wallhaven-q6w567.png"
    },
    {
	"teks": "*Silahkan Diambil Asupan Lolinya*",
	"image": "https://w.wallhaven.cc/full/w8/wallhaven-w8g3l6.png"
    },
    {
	"teks": "*Silahkan Diambil Asupan Lolinya*",
	"image": "https://w.wallhaven.cc/full/r7/wallhaven-r7jjkw.jpg"
    },
    {
	"teks": "*Silahkan Diambil Asupan Lolinya*",
	"image": "https://w.wallhaven.cc/full/6q/wallhaven-6q2z17.png"
    },
    {
	"teks": "*Silahkan Diambil Asupan Lolinya*",
	"image": "https://w.wallhaven.cc/full/r2/wallhaven-r21jm1.png"
    },
    {
	"teks": "*Silahkan Diambil Asupan Lolinya*",
	"image": "https://w.wallhaven.cc/full/1j/wallhaven-1jx9g1.jpg"
    },
    {
	"teks": "*Silahkan Diambil Asupan Lolinya*",
	"image": "https://w.wallhaven.cc/full/6q/wallhaven-6q952q.png"
    },
    {
	"teks": "*Silahkan Diambil Asupan Lolinya*",
	"image": "https://w.wallhaven.cc/full/q6/wallhaven-q6pk3l.jpg"
    },
    {
	"teks": "*Silahkan Diambil Asupan Lolinya*",
	"image": "https://w.wallhaven.cc/full/p2/wallhaven-p2jq9e.jpg"
    },
    {
	"teks": "*Silahkan Diambil Asupan Lolinya*",
	"image": "https://w.wallhaven.cc/full/0q/wallhaven-0qwwo7.jpg"
    },
    {
	"teks": "*Silahkan Diambil Asupan Lolinya*",
	"image": "https://w.wallhaven.cc/full/95/wallhaven-958yvx.png"
    },
     {
	"teks": "*Silahkan Diambil Asupan Lolinya*",
	"image": "https://konachan.net/data/preview/0f/87/0f87ea5472c32e4efd4cd8132eb99dbc.jpg"
    },
    {
	"teks": "*Silahkan Diambil Asupan Lolinya*",
	"image": "https://konachan.net/data/preview/e0/43/e043848832ef58f05f496cd84441c3e2.jpg"
    },
    {
	"teks": "*Silahkan Diambil Asupan Lolinya*",
	"image": "https://konachan.net/data/preview/7f/91/7f918fd8205064ad3f69f4665d498d05.jpg"
    },
    {
	"teks": "*Silahkan Diambil Asupan Lolinya*",
	"image": "https://konachan.net/data/preview/60/fd/60fd97213b6649027e258b3538b7a226.jpg"
    },
    {
	"teks": "*Silahkan Diambil Asupan Lolinya*",
	"image": "https://konachan.net/data/preview/61/93/6193e1cb92e4dc9d4023e07121842e42.jpg"
    },
    {
	"teks": "*Silahkan Diambil Asupan Lolinya*",
	"image": "https://konachan.net/data/preview/ce/33/ce334473882c20fe56852c10bb3ad6b6.jpg"
    },
    {
	"teks": "*Silahkan Diambil Asupan Lolinya*",
	"image": "https://konachan.net/data/preview/de/a4/dea4546f11374f3cbbf21b5f33be7280.jpg"
    },
    {
	"teks": "*Silahkan Diambil Asupan Lolinya*",
	"image": "https://konachan.net/data/preview/f1/0e/f10eec9c3e3cb44dc64dbcfd43fb0bc0.jpg"
    },
    {
	"teks": "*Silahkan Diambil Asupan Lolinya*",
	"image": "https://konachan.net/data/preview/30/b9/30b9fba4c0ec3704836418e76be068e7.jpg"
    },
    {
	"teks": "*Silahkan Diambil Asupan Lolinya*",
	"image": "https://konachan.net/data/preview/48/90/4890600141dc3f54ba003e0f103329ba.jpg"
    },
    {
	"teks": "*Silahkan Diambil Asupan Lolinya*",
	"image": "https://konachan.net/data/preview/8d/f9/8df9abcc44100eae33341ccb2e8b0086.jpg"
    },
    {
	"teks": "*Silahkan Diambil Asupan Lolinya*",
	"image": "https://konachan.net/data/preview/8f/88/8f8881eff74fe168010a9d6f81d3a511.jpg"
    },
     {
	"teks": "*Silahkan Diambil Asupan Lolinya*",
	"image": "https://konachan.net/data/preview/a3/fb/a3fb7ce181e64b894880799bf05c336c.jpg"
    },
    {
	"teks": "*Silahkan Diambil Asupan Lolinya*",
	"image": "https://konachan.net/data/preview/62/b0/62b0b7e746daa0492fe2c5770e485cf8.jpg"
    },
    {
	"teks": "*Silahkan Diambil Asupan Lolinya*",
	"image": "https://konachan.net/data/preview/a3/b3/a3b3b219f7ef1daab1f17dd04a9a7ad6.jpg"
    },
    {
	"teks": "*Silahkan Diambil Asupan Lolinya*",
	"image": "https://konachan.net/data/preview/5b/1f/5b1fffb1422b2bb1e091539e00279e91.jpg"
    },
    {
	"teks": "*Silahkan Diambil Asupan Lolinya*",
	"image": "https://konachan.net/data/preview/be/ab/beab9d583b441bb33a151e5022e8f217.jpg"
    },
    {
	"teks": "*Silahkan Diambil Asupan Lolinya*",
	"image": "https://konachan.net/data/preview/1a/91/1a91914ff58edc7c1f4a8ba677365beb.jpg"
    },
    {
	"teks": "*Silahkan Diambil Asupan Lolinya*",
	"image": "https://konachan.net/data/preview/a5/ec/a5ecca9ae060d3fd3ed69d8b19497a2b.jpg"
    },
    {
	"teks": "*Silahkan Diambil Asupan Lolinya*",
	"image": "https://konachan.net/data/preview/a3/b3/a3b3b219f7ef1daab1f17dd04a9a7ad6.jpg"
    },
    {
	"teks": "*Silahkan Diambil Asupan Lolinya*",
	"image": "https://konachan.net/data/preview/5b/1f/5b1fffb1422b2bb1e091539e00279e91.jpg"
    },
    {
	"teks": "*Silahkan Diambil Asupan Lolinya*",
	"image": "https://konachan.net/data/preview/be/ab/beab9d583b441bb33a151e5022e8f217.jpg"
    },
    {
	"teks": "*Silahkan Diambil Asupan Lolinya*",
	"image": "https://konachan.net/data/preview/16/9c/169c546f1cf2b3fe2554dec43b6cdcc8.jpg"
    },
    {
	"teks": "*Silahkan Diambil Asupan Lolinya*",
	"image": "https://konachan.net/data/preview/a5/ec/a5ecca9ae060d3fd3ed69d8b19497a2b.jpg"
    },
     {
	"teks": "*Silahkan Diambil Asupan Lolinya*",
	"image": "https://konachan.net/data/preview/a5/ec/a5ecca9ae060d3fd3ed69d8b19497a2b.jpg"
    },
    {
	"teks": "*Silahkan Diambil Asupan Lolinya*",
	"image": "https://konachan.net/data/preview/47/47/4747d3db1ed10c9a023ba45ef62631d1.jpg"
    },
    {
	"teks": "*Silahkan Diambil Asupan Lolinya*",
	"image": "https://konachan.net/sample/ee07cd82bfc880e66d218acfe3dfd41b/Konachan.com%20-%20319626%20sample.jpg"
    },
    {
	"teks": "*Silahkan Diambil Asupan Lolinya*",
	"image": "https://konachan.net/data/preview/13/cf/13cfb92ca7e815520dfd736699d4ba1d.jpg"
    },
    {
	"teks": "*Silahkan Diambil Asupan Lolinya*",
	"image": "https://cache.desktopnexus.com/thumbseg/528/528396-bigthumbnail.jpg"
    },
    {
	"teks": "*Silahkan Diambil Asupan Lolinya*",
	"image": "https://cache.desktopnexus.com/thumbseg/787/787463-200.jpg"
    },
    {
	"teks": "*Silahkan Diambil Asupan Lolinya*",
	"image": "https://cache.desktopnexus.com/thumbseg/787/787463-200.jpg"
    },
    {
	"teks": "*Silahkan Diambil Asupan Lolinya*",
	"image": "https://cache.desktopnexus.com/thumbseg/2299/2299062-200.jpg"
    },
    {
	"teks": "*Silahkan Diambil Asupan Lolinya*",
	"image": "https://cache.desktopnexus.com/thumbseg/1486/1486070-200.jpg"
    },
    {
	"teks": "*Silahkan Diambil Asupan Lolinya*",
	"image": "https://cache.desktopnexus.com/thumbseg/634/634123-200.jpg"
    },
    {
	"teks": "*Silahkan Diambil Asupan Lolinya*",
	"image": "https://cache.desktopnexus.com/thumbseg/2420/2420018-200.jpg"
    },
    {
	"teks": "*Silahkan Diambil Asupan Lolinya*",
	"image": "https://cache.desktopnexus.com/thumbseg/431/431116-200.jpg"
    },
    {
	"teks": "*Silahkan Diambil Asupan Lolinya*",
	"image": "https://cache.desktopnexus.com/thumbseg/2291/2291122-200.jpg"
    },
    {
	"teks": "*Silahkan Diambil Asupan Lolinya*",
	"image": "https://cache.desktopnexus.com/thumbseg/1953/1953313-200.jpg"
    },
     {
	"teks": "*Silahkan Diambil Asupan Lolinya*",
	"image": "https://cache.desktopnexus.com/thumbseg/2395/2395304-200.jpg"
    },
    {
	"teks": "*Silahkan Diambil Asupan Lolinya*",
	"image": "https://cache.desktopnexus.com/thumbseg/701/701752-200.jpg"
    },
    {
	"teks": "*Silahkan Diambil Asupan Lolinya*",
	"image": "https://cache.desktopnexus.com/thumbseg/2302/2302450-200.jpg"
    },
    {
	"teks": "*Silahkan Diambil Asupan Lolinya*",
	"image": "https://cache.desktopnexus.com/thumbseg/2091/2091749-200.jpg"
    },
    {
	"teks": "*Silahkan Diambil Asupan Lolinya*",
	"image": "https://cache.desktopnexus.com/thumbseg/2350/2350196-200.jpg"
    },
    {
	"teks": "*Silahkan Diambil Asupan Lolinya*",
	"image": "https://cache.desktopnexus.com/thumbseg/815/815411-200.jpg"
    },
    {
	"teks": "*Silahkan Diambil Asupan Lolinya*",
	"image": "https://cache.desktopnexus.com/thumbseg/233/233912-200.jpg"
    },
    {
	"teks": "*Silahkan Diambil Asupan Lolinya*",
	"image": "https://cache.desktopnexus.com/thumbseg/1944/1944167-200.jpg"
    },
    {
	"teks": "*Silahkan Diambil Asupan Lolinya*",
	"image": "https://cache.desktopnexus.com/thumbseg/879/879607-200.jpg"
    },
    {
	"teks": "*Silahkan Diambil Asupan Lolinya*",
	"image": "https://cache.desktopnexus.com/thumbseg/483/483949-200.jpg"
    },
    {
	"teks": "*Silahkan Diambil Asupan Lolinya*",
	"image": "https://cache.desktopnexus.com/thumbseg/838/838206-200.jpg"
    },
    {
	"teks": "*Silahkan Diambil Asupan Lolinya*",
	"image": "https://cache.desktopnexus.com/thumbseg/1222/1222106-200.jpg"
    },
     {
	"teks": "*Silahkan Diambil Asupan Lolinya*",
	"image": "https://cache.desktopnexus.com/thumbseg/1086/1086521-200.jpg"
    },
    {
	"teks": "*Silahkan Diambil Asupan Lolinya*",
	"image": "https://cache.desktopnexus.com/thumbseg/1088/1088103-200.jpg"
    },
    {
	"teks": "*Silahkan Diambil Asupan Lolinya*",
	"image": "https://cache.desktopnexus.com/thumbseg/1414/1414878-200.jpg"
    },
    {
	"teks": "*Silahkan Diambil Asupan Lolinya*",
	"image": "https://cache.desktopnexus.com/thumbseg/1943/1943956-200.jpg"
    },
    {
	"teks": "*Silahkan Diambil Asupan Lolinya*",
	"image": "https://cache.desktopnexus.com/thumbseg/856/856091-200.jpg"
    },
    {
	"teks": "*Silahkan Diambil Asupan Lolinya*",
	"image": "https://cache.desktopnexus.com/thumbseg/1858/1858398-200.jpg"
    },
    {
	"teks": "*Silahkan Diambil Asupan Lolinya*",
	"image": "https://cache.desktopnexus.com/thumbseg/2429/2429735-200.jpg"
    },
    {
	"teks": "*Silahkan Diambil Asupan Lolinya*",
	"image": "https://cache.desktopnexus.com/thumbseg/2296/2296197-200.jpg"
    },
    {
	"teks": "*Silahkan Diambil Asupan Lolinya*",
	"image": "https://cache.desktopnexus.com/thumbseg/2373/2373501-200.jpg"
    },
    {
	"teks": "*Silahkan Diambil Asupan Lolinya*",
	"image": "https://cache.desktopnexus.com/thumbseg/2499/2499470-200.jpg"
    },
    {
	"teks": "*Silahkan Diambil Asupan Lolinya*",
	"image": "https://cache.desktopnexus.com/thumbseg/640/640449-200.jpg"
    },
    {
	"teks": "*Silahkan Diambil Asupan Lolinya*",
	"image": "https://cache.desktopnexus.com/thumbseg/835/835286-200.jpg"
    },
     {
	"teks": "*Silahkan Diambil Asupan Lolinya*",
	"image": "https://cache.desktopnexus.com/thumbseg/875/875838-200.jpg"
    },
    {
	"teks": "*Silahkan Diambil Asupan Lolinya*",
	"image": "https://cache.desktopnexus.com/thumbseg/634/634686-200.jpg"
    },
    {
	"teks": "*Silahkan Diambil Asupan Lolinya*",
	"image": "https://cache.desktopnexus.com/thumbseg/2004/2004044-200.jpg"
    },
    {
	"teks": "*Silahkan Diambil Asupan Lolinya*",
	"image": "https://cache.desktopnexus.com/thumbseg/1249/1249514-200.jpg"
    },
    {
	"teks": "*Silahkan Diambil Asupan Lolinya*",
	"image": "https://cache.desktopnexus.com/thumbseg/2074/2074255-200.jpg"
    },
    {
	"teks": "*Silahkan Diambil Asupan Lolinya*",
	"image": "https://cache.desktopnexus.com/thumbseg/490/490147-200.jpg"
    },
    {
	"teks": "*Silahkan Diambil Asupan Lolinya*",
	"image": "https://cache.desktopnexus.com/thumbseg/793/793496-200.jpg"
    },
    {
	"teks": "*Silahkan Diambil Asupan Lolinya*",
	"image": "https://cache.desktopnexus.com/thumbseg/790/790528-200.jpg"
    },
    {
	"teks": "*Silahkan Diambil Asupan Lolinya*",
	"image": "https://cache.desktopnexus.com/thumbseg/490/490149-200.jpg"
    },
    {
	"teks": "*Silahkan Diambil Asupan Lolinya*",
	"image": "https://cache.desktopnexus.com/thumbseg/865/865801-200.jpg"
    },
    {
	"teks": "*Silahkan Diambil Asupan Lolinya*",
	"image": "https://cache.desktopnexus.com/thumbseg/838/838248-200.jpg"
    },
    {
	"teks": "*Silahkan Diambil Asupan Lolinya*",
	"image": "https://cache.desktopnexus.com/thumbseg/821/821593-200.jpg"
    },
     {
	"teks": "*Silahkan Diambil Asupan Lolinya*",
	"image": "https://cache.desktopnexus.com/thumbseg/50/50499-200.jpg"
    },
    {
	"teks": "*Silahkan Diambil Asupan Lolinya*",
	"image": "https://cache.desktopnexus.com/thumbseg/1421/1421998-200.jpg"
    },
    {
	"teks": "*Silahkan Diambil Asupan Lolinya*",
	"image": "https://cache.desktopnexus.com/thumbseg/628/628937-200.jpg"
    },
    {
	"teks": "*Silahkan Diambil Asupan Lolinya*",
	"image": "https://cache.desktopnexus.com/thumbseg/573/573632-200.jpg"
    },
    {
	"teks": "*Silahkan Diambil Asupan Lolinya*",
	"image": "https://cache.desktopnexus.com/thumbseg/2396/2396914-200.jpg"
    },
    {
	"teks": "*Silahkan Diambil Asupan Lolinya*",
	"image": "https://cache.desktopnexus.com/thumbseg/950/950975-200.jpg"
    },
    {
	"teks": "*Silahkan Diambil Asupan Lolinya*",
	"image": "https://cache.desktopnexus.com/thumbseg/1955/1955475-200.jpg"
    },
    {
	"teks": "*Silahkan Diambil Asupan Lolinya*",
	"image": "https://cache.desktopnexus.com/thumbseg/274/274860-200.jpg"
    },
    {
	"teks": "*Silahkan Diambil Asupan Lolinya*",
	"image": "https://cache.desktopnexus.com/thumbseg/50/50501-200.jpg"
    },
    {
	"teks": "*Silahkan Diambil Asupan Lolinya*",
	"image": "https://cache.desktopnexus.com/thumbseg/726/726183-200.jpg"
    },
    {
	"teks": "*Silahkan Diambil Asupan Lolinya*",
	"image": "https://cache.desktopnexus.com/thumbseg/1772/1772619-200.jpg"
    },
    {
	"teks": "*Silahkan Diambil Asupan Lolinya*",
	"image": "https://cache.desktopnexus.com/thumbseg/1772/1772619-200.jpg"
    },
     {
	"teks": "*Silahkan Diambil Asupan Lolinya*",
	"image": "https://cache.desktopnexus.com/thumbseg/2165/2165273-200.jpg"
    },
    {
	"teks": "*Silahkan Diambil Asupan Lolinya*",
	"image": "https://cache.desktopnexus.com/thumbseg/2274/2274057-200.jpg"
    },
    {
	"teks": "*Silahkan Diambil Asupan Lolinya*",
	"image": "https://cache.desktopnexus.com/thumbseg/645/645077-200.jpg"
    },
    {
	"teks": "*Silahkan Diambil Asupan Lolinya*",
	"image": "https://cache.desktopnexus.com/thumbseg/645/645067-200.jpg"
    },
    {
	"teks": "*Silahkan Diambil Asupan Lolinya*",
	"image": "https://cache.desktopnexus.com/thumbseg/339/339225-200.jpg"
    },
    {
	"teks": "*Silahkan Diambil Asupan Lolinya*",
	"image": "https://cache.desktopnexus.com/thumbseg/345/345519-200.jpg"
    },
    {
	"teks": "*Silahkan Diambil Asupan Lolinya*",
	"image": "https://konachan.net/sample/13cfb92ca7e815520dfd736699d4ba1d/Konachan.com%20-%20319577%20sample.jpg"
    },
    {
	"teks": "*Silahkan Diambil Asupan Lolinya*",
	"image": "https://konachan.net/sample/99ac43954de732e0580cabc2475bd8e8/Konachan.com%20-%20319481%20sample.jpg"
    },
    {
	"teks": "*Silahkan Diambil Asupan Lolinya*",
	"image": "https://konachan.net/sample/9d47c96f3cd3323de080651303bec430/Konachan.com%20-%20319433%20sample.jpg"
    },
    {
	"teks": "*Silahkan Diambil Asupan Lolinya*",
	"image": "https://konachan.net/jpeg/20e82364d3e85b0334cc8874b7637d65/Konachan.com%20-%20319416%202girls%20blush%20bow%20brown_hair%20cherry%20cropped%20food%20fruit%20green_eyes%20loli%20niina_ryou%20original%20ponytail%20short_hair%20shorts%20skirt%20socks%20waifu2x.jpg"
    },
    {
	"teks": "*Silahkan Diambil Asupan Lolinya*",
	"image": "https://konachan.net/jpeg/7dabc592c3c744f70d474591355fe504/Konachan.com%20-%20319389%20anthropomorphism%20azur_lane%20bed%20dress%20gray_hair%20le_malin_%28azur_lane%29%20loli%20long_hair%20maosame.jpg"
    },
    {
	"teks": "*Silahkan Diambil Asupan Lolinya*",
	"image": "https://konachan.net/sample/fe685171334b798781b47000375cf8ab/Konachan.com%20-%20319379%20sample.jpg"
    },
     {
	"teks": "*Silahkan Diambil Asupan Lolinya*",
	"image": "https://konachan.net/sample/9b4e3ebdf2cc8808cda83ac5b9ca8334/Konachan.com%20-%20319327%20sample.jpg"
    },
    {
	"teks": "*Silahkan Diambil Asupan Lolinya*",
	"image": "https://konachan.net/sample/3f842e8bcf6258ae9f200c99bbfabaa2/Konachan.com%20-%20319137%20sample.jpg"
    },
    {
	"teks": "*Silahkan Diambil Asupan Lolinya*",
	"image": "https://konachan.net/sample/2565807e23ae129d74295fe6cc2621c4/Konachan.com%20-%20320562%20sample.jpg"
    },
     {
	"teks": "*Silahkan Diambil Asupan Lolinya**Silahkan Diambil Asupan Lolinya*",
	"image": "https://konachan.net/sample/bd1d3d16c006c819b19e6f56160f777b/Konachan.com%20-%20320549%20sample.jpg"
    },
     {
	"teks": "*Silahkan Diambil Asupan Lolinya*",
	"image": "https://konachan.net/sample/d200d20236e70fec81391dce24ec29cb/Konachan.com%20-%20320542%20sample.jpg"
    },
     {
	"teks": "*Silahkan Diambil Asupan Lolinya*",
	"image": "https://konachan.net/sample/d1ac6aa190325b8eef65a82ba2ffc3e2/Konachan.com%20-%20320537%20sample.jpg"
    },
     {
	"teks": "*Silahkan Diambil Asupan Lolinya*",
	"image": "https://konachan.net/sample/dca8c3f8ef8e46017225fb033e2d2e4c/Konachan.com%20-%20320404%20sample.jpg"
    },
     {
	"teks": "*Silahkan Diambil Asupan Lolinya*",
	"image": "https://konachan.net/sample/0f87ea5472c32e4efd4cd8132eb99dbc/Konachan.com%20-%20320318%20sample.jpg"
    },
    {
	"teks": "*Silahkan Diambil Asupan Lolinya*",
	"image": "https://konachan.net/sample/e043848832ef58f05f496cd84441c3e2/Konachan.com%20-%20320296%20sample.jpg"
    },
     {
	"teks": "*Silahkan Diambil Asupan Lolinya*",
	"image": "https://konachan.net/image/7f918fd8205064ad3f69f4665d498d05/Konachan.com%20-%20320220%202girls%20blue_eyes%20blush%20bow%20breasts%20candy%20catgirl%20crown%20dress%20headdress%20loli%20long_hair%20original%20ribbons%20stars%20tail%20thighhighs%20wand%20wristwear.jpg"
    },
     {
	"teks": "*Silahkan Diambil Asupan Lolinya*",
	"image": "https://konachan.net/jpeg/60fd97213b6649027e258b3538b7a226/Konachan.com%20-%20320094%20aliasing%20dress%20gochuumon_wa_usagi_desu_ka%3F%20kafuu_chino%20loli%20long_hair%20snow%20thighhighs%20tippy_%28gochiusa%29%20tsukimi_%28xiaohuasan%29%20winter.jpg"
    },
     {
	"teks": "*Silahkan Diambil Asupan Lolinya*",
	"image": "https://konachan.net/image/6193e1cb92e4dc9d4023e07121842e42/Konachan.com%20-%20320083%20blue_eyes%20blue_hair%20blush%20bow%20braids%20cat_smile%20cropped%20dress%20gloves%20loli%20long_hair%20nijisanji%20twintails%20yuu_%28higashi_no_penguin%29%20yuuki_chihiro.jpg"
    },
     {
	"teks": "*Silahkan Diambil Asupan Lolinya*",
	"image": "https://konachan.net/sample/ce334473882c20fe56852c10bb3ad6b6/Konachan.com%20-%20320038%20sample.jpg"
    },
     {
	"teks": "*Silahkan Diambil Asupan Lolinya*",
	"image": "https://konachan.net/sample/dea4546f11374f3cbbf21b5f33be7280/Konachan.com%20-%20320037%20sample.jpg"
    },
    {
	"teks": "*Silahkan Diambil Asupan Lolinya*",
	"image": "https://konachan.net/image/f10eec9c3e3cb44dc64dbcfd43fb0bc0/Konachan.com%20-%20320033%20blue_eyes%20blue_hair%20bow%20close%20gloves%20hat%20kafuu_chino%20loli%20long_hair%20neki_%28wakiko%29%20signed%20twintails%20uniform%20waitress%20wand%20wings.jpg"
    },
     {
	"teks": "*Silahkan Diambil Asupan Lolinya*",
	"image": "https://konachan.net/image/b78c6358d12563dd859451165a1d4e76/Konachan.com%20-%20351%20bicolored_eyes%20blonde_hair%20blush%20loli%20long_hair%20mahou_shoujo_lyrical_nanoha%20school_uniform%20takamachi_vivio%20twintails.jpg"
    },
     {
	"teks": "*Silahkan Diambil Asupan Lolinya*",
	"image": "https://konachan.net/image/6ee07bc915051a14bb01ac7f3c1e26bc/Konachan.com%20-%20808%20gagraphic%20logo%20loli%20zankuro.jpg"
    },
     {
	"teks": "*Silahkan Diambil Asupan Lolinya*",
	"image": "https://konachan.net/sample/a344c0b717f96087c45c14c62ebabdb3/Konachan.com%20-%20948%20sample.jpg"
    },
     {
	"teks": "*Silahkan Diambil Asupan Lolinya*",
	"image": "https://konachan.net/image/c2852abb445c9d4fd8eea77e58df8d73/Konachan.com%20-%201038%20angel%20grass%20green_eyes%20halo%20loli%20ruins%20short_hair%20white_hair%20wings.jpg"
    },
     {
	"teks": "*Silahkan Diambil Asupan Lolinya*",
	"image": "https://konachan.net/image/b3eb7539144f8a9e44effb2d2901ef40/Konachan.com%20-%201306%20bleach%20brown_eyes%20close%20crying%20gray_eyes%20kurosaki_ichigo%20loli%20male%20nel_tu%20orange_hair%20short_hair.jpg"
    },
    {
	"teks": "*Silahkan Diambil Asupan Lolinya*",
	"image": "https://konachan.net/image/da1e1153d0111c45630308141214a964/Konachan.com%20-%201417%20hatsukoi%20loli%20sakurai_komono.jpg"
    },
     {
	"teks": "*Silahkan Diambil Asupan Lolinya*",
	"image": "https://konachan.net/image/98fa2e9ec28d8d587655c86fd3626e42/Konachan.com%20-%201449%20animal_ears%20catgirl%20loli%20short_hair%20socks%20tail.jpg"
    },
     {
	"teks": "*Silahkan Diambil Asupan Lolinya*",
	"image": "https://konachan.net/image/f40d082afb3633be3e83924374efe548/Konachan.com%20-%201934%20animal_ears%20breasts%20bunny_ears%20bunnygirl%20catgirl%20cleavage%20emudori%20glasses%20itou_noiji%20loli%20odoodo_funny%20pink_hair%20tail%20thighhighs%20unisonshift%20waitress.jpg"
    },
     {
	"teks": "*Silahkan Diambil Asupan Lolinya*",
	"image": "https://konachan.net/image/6252ae2c16388a9523136862e0199bb7/Konachan.com%20-%201942%20akino_momiji%20kiriyama_sakura%20loli%20sakura_musubi%20sera_karen%20sumaki_shungo%20swimsuit.jpg"
    },
     {
	"teks": "*Silahkan Diambil Asupan Lolinya*",
	"image": "https://konachan.net/image/eaabc588ee23cb6ca8ed9b3f53e45340/Konachan.com%20-%202284%20barefoot%20black_hair%20brown_eyes%20leaves%20loli%20long_hair%20tagme_%28artist%29.jpg"
    },
     {
	"teks": "*Silahkan Diambil Asupan Lolinya*",
	"image": "https://konachan.net/sample/535fe0ce921fd9e3a4c58655099d5e9f/Konachan.com%20-%202485%20sample.jpg"
    },
    {
	"teks": "*Silahkan Diambil Asupan Lolinya*",
	"image": "https://konachan.net/image/4106b140224d9e2bff0ade6176a78c1d/Konachan.com%20-%202755%20bikini%20breasts%20caro_ru_lushe%20cleavage%20fate_testarossa%20group%20loli%20reinforce_zwei%20shamal%20signum%20swim_ring%20swimsuit%20teana_lanster%20twintails%20vita.jpg"
    },
     {
	"teks": "*Silahkan Diambil Asupan Lolinya*",
	"image": "https://konachan.net/image/4cd5b3fd9efafb63e5d474f3fed8938c/Konachan.com%20-%203163%20barefoot%20loli%20onsen%20water.jpg"
    },
     {
	"teks": "*Silahkan Diambil Asupan Lolinya*",
	"image": "https://konachan.net/image/2edb46d28f4d1a0fffe8d9b59987ee36/Konachan.com%20-%203164%202girls%20loli%20minakami_rinrin%20sister_princess_repure.jpg"
    },
     {
	"teks": "*Silahkan Diambil Asupan Lolinya*",
	"image": "https://konachan.net/image/4e8c1655ef1733e3070f9858685d6d7d/Konachan.com%20-%203166%202girls%20black_eyes%20black_hair%20flat_chest%20loli%20original%20short_hair%20swim_ring%20swimsuit%20takamichi%20water%20wet.jpg"
    },
     {
	"teks": "*Silahkan Diambil Asupan Lolinya*",
	"image": "https://konachan.net/image/3b5787296e9198d0272887a3332b90ce/Konachan.com%20-%203175%202girls%20gagraphic%20houden_eizou%20logo%20loli%20swim_ring%20swimsuit.jpg"
    },
     {
	"teks": "*Silahkan Diambil Asupan Lolinya*",
	"image": "https://konachan.net/image/8a434a2c7b70eb7102b41347c1c33794/Konachan.com%20-%203195%20animal%20cat%20club_maniax%20harada_takehito%20jpeg_artifacts%20loli%20underwater%20water.jpg"
    },
    {
	"teks": "*Silahkan Diambil Asupan Lolinya*",
	"image": "https://konachan.net/image/53ea328244e37ae4cfbe73c7734b459a/Konachan.com%20-%203204%20kagamiya_rin%20loli%20oyari_ashito%20period.jpg"
    },
     {
	"teks": "*Silahkan Diambil Asupan Lolinya*",
	"image": "https://konachan.net/image/e6862be1f45a50f8fd3160cce068c0ff/Konachan.com%20-%203211%20christmas%20loli%20natsumi_kokonoe%20niiduma_kapriccho%21.jpg"
    },
     {
	"teks": "*Silahkan Diambil Asupan Lolinya*",
	"image": "https://konachan.net/image/15f548d81aa3a8b92871f374feeb6c1e/Konachan.com%20-%203216%20loli%20shimon%20swim_ring%20swimsuit%20wings.jpg"
    },
     {
	"teks": "*Silahkan Diambil Asupan Lolinya*",
	"image": "https://konachan.net/image/9544223f7f56813475267ff732d50921/Konachan.com%20-%203218%20alice_alicetel_fernek%20food%20loli%20wiz_anniversary.jpg"
    },
     {
	"teks": "*Silahkan Diambil Asupan Lolinya*",
	"image": "https://konachan.net/image/b245903c63fa98930c4dadb9f3f5a8a8/Konachan.com%20-%203219%20animal%20bloomers%20brown_hair%20green_eyes%20gym_uniform%20hanasaki_nozomi%20hat%20headband%20himemomo_aya%20logo%20loli%20pink_hair%20punimo_yell%20ribbons%20tail.jpg"
    },
     {
	"teks": "*Silahkan Diambil Asupan Lolinya*",
	"image": "https://konachan.net/image/bda022e4557f5d4d2f47429196bafbce/Konachan.com%20-%203221%20cynthia_curio%20loli%20sincere.jpg"
    },
    {
	"teks": "*Silahkan Diambil Asupan Lolinya*",
	"image": "https://konachan.net/image/25bdcb4bc38e3b3ef1e77dc8b7306c39/Konachan.com%20-%203223%20azuki_%28munekyun_heart_de_koishiteru%29%20blonde_hair%20blue_eyes%20blush%20hat%20loli%20munekyun_heart_de_koishiteru%20ribbons%20twintails.jpg"
    },
     {
	"teks": "*Silahkan Diambil Asupan Lolinya*",
	"image": "https://konachan.net/image/6e26bd91f976f73803a9c82d52bc94ad/Konachan.com%20-%203225%20bike_shorts%20loli%20shorts%20suigetsu%20waha%20yamato_suzuran.jpg"
    },
     {
	"teks": "*Silahkan Diambil Asupan Lolinya*",
	"image": "https://konachan.net/image/d0c3afafc8e1aa0c5a34d150ef247583/Konachan.com%20-%203227%20cradle_song%20loli.jpg"
    },
     {
	"teks": "*Silahkan Diambil Asupan Lolinya*",
	"image": "https://konachan.net/image/40b328352909d44645e61797a3d9ae1f/Konachan.com%20-%203229%20angel_wish%20animal%20brown_eyes%20chitose_yukina%20fish%20gym_uniform%20loli%20long_hair%20purple_hair%20underwater%20water.jpg"
    },
     {
	"teks": "*Silahkan Diambil Asupan Lolinya*",
	"image": "https://konachan.net/image/e0b0702c3fe2c35d7ff214fc0aa78a7a/Konachan.com%20-%203248%20bike_shorts%20blue_eyes%20brown_eyes%20brown_hair%20cameltoe%20clouds%20grass%20loli%20male%20orange_hair%20shorts%20sky%20suigetsu%20waha.jpg"
    },
     {
	"teks": "*Silahkan Diambil Asupan Lolinya*",
	"image": "https://konachan.net/image/ecc2719680b9281d989cc717e7a1343e/Konachan.com%20-%203266%20animal_ears%20bunny_ears%20bunnygirl%20food%20leotard%20loli%20mahou_shoujo_lyrical_nanoha%20pocky%20shamal%20signum%20yagami_hayate.jpg"
    },
    {
	"teks": "*Silahkan Diambil Asupan Lolinya*",
	"image": "https://konachan.net/image/fdad3d780d97b6e9d73138dcee25863b/Konachan.com%20-%203438%20kagami_kuro%20kodomo_no_jikan%20kokonoe_rin%20loli%20usa_mimi_%28character%29.jpg"
    },
     {
	"teks": "*Silahkan Diambil Asupan Lolinya*",
	"image": "https://konachan.net/image/e8f2cc612b2b89e654ed7c206809c29c/Konachan.com%20-%203548%20beach%20bikini%20black_hair%20blush%20braids%20brown_eyes%20brown_hair%20clouds%20food%20glasses%20group%20loli%20long_hair%20shorts%20sky%20swim_ring%20swimsuit%20twintails%20water.jpg"
    },
     {
	"teks": "*Silahkan Diambil Asupan Lolinya*",
	"image": "https://konachan.net/image/954b48e28a05d800bb3fb6522d1df619/Konachan.com%20-%203566%20ashita_no_kimi_to_au_tame_ni%20bike_shorts%20dressing%20fujisaki_asahi%20kurashima_tomoyasu%20loli%20purple_software%20shorts.jpg"
    },
     {
	"teks": "*Silahkan Diambil Asupan Lolinya*",
	"image": "https://konachan.net/image/1adbab78ced9656e66f34583cd259356/Konachan.com%20-%203688%20barefoot%20bikini%20brown_eyes%20brown_hair%20dengeki_daioh%20flat_chest%20flowers%20hat%20itou_noiji%20loli%20long_hair%20navel%20sunflower%20swimsuit%20tan_lines%20twintails.jpg"
    },
     {
	"teks": "*Silahkan Diambil Asupan Lolinya*",
	"image": "https://konachan.net/image/b870dd999bc34c11a4f0c040c2d7cded/Konachan.com%20-%203860%20asakura_maina%20asakura_yuna%20hajimete_no_orusuban%20loli%20studio_ring%20twins.jpg"
    },
     {
	"teks": "*Silahkan Diambil Asupan Lolinya*",
	"image": "https://konachan.net/image/ca5c699757024424f5909aca8596a98d/Konachan.com%20-%203866%20animal%20botan%20clannad%20drink%20food%20group%20ibuki_fuuko%20ichinose_kotomi%20loli%20male%20okazaki_tomoya%20okazaki_ushio%20sakagami_tomoyo%20sunohara_mei%20twins.jpg"
    },
    {
	"teks": "*Silahkan Diambil Asupan Lolinya*",
	"image": "https://konachan.net/image/482981e762d682bbf435c9461ad23112/Konachan.com%20-%204111%20archer%20assassin%20berserker%20cu_chulainn%20gilgamesh%20halloween%20loli%20male%20matou_sakura%20medea_%28fate%29%20moon%20pointed_ears%20rider%20saber%20tohsaka_rin%20zen.jpg"
    },
     {
	"teks": "*Silahkan Diambil Asupan Lolinya*",
	"image": "https://konachan.net/image/386c2bc9f9275dab1d1076caf22229b5/Konachan.com%20-%204411%20blush%20loli%20natsume_eri%20original.jpg"
    },
     {
	"teks": "*Silahkan Diambil Asupan Lolinya*",
	"image": "https://konachan.net/image/770213e4bc1c2f089c9588174a3faf0c/Konachan.com%20-%204467%20ana_coppola%20animal%20barasui%20bubbles%20ferret%20group%20hat%20ichigo_mashimaro%20itou_chika%20itou_nobue%20john%20loli%20panties%20sakuragi_matsuri%20underwear.jpg"
    },
     {
	"teks": "*Silahkan Diambil Asupan Lolinya*",
	"image": "https://konachan.net/image/343af319923385df7f9b139e2a5db811/Konachan.com%20-%204658%20animal_ears%20barefoot%20blush%20bunny_ears%20bunnygirl%20food%20iuro%20loli%20moon%20orange_hair%20pajamas.jpg"
    },
     {
	"teks": "*Silahkan Diambil Asupan Lolinya*",
	"image": "https://konachan.net/image/7d4ad0d4ae1237f13f5ea7782b92abc1/Konachan.com%20-%205223%20alice_parade%20close%20crying%20joousama_lavinia%20loli%20pink_hair%20tagme%20twintails.jpg"
    },
     {
	"teks": "*Silahkan Diambil Asupan Lolinya*",
	"image": "https://konachan.net/image/6c174d7f650e3b6c31ead32e7b85f4ed/Konachan.com%20-%205912%203-11%20angel_wish%20anthropomorphism%20dos_cat%20loli%20os-tan%20shimakaze%20suzune_merveillex%20windows.jpg"
    },
    {
	"teks": "*Silahkan Diambil Asupan Lolinya*",
	"image": "https://konachan.net/jpeg/a9306182350886bd2eb3ff0fa8af7427/Konachan.com%20-%206409%20hiiragi_tsukasa%20loli%20lucky_star%20purple_eyes%20purple_hair%20short_hair.jpg"
    },
     {
	"teks": "*Silahkan Diambil Asupan Lolinya*",
	"image": "https://konachan.net/sample/dd0c6aca38b799c625a9101b39f62170/Konachan.com%20-%206446%20sample.jpg"
    },
     {
	"teks": "*Silahkan Diambil Asupan Lolinya*",
	"image": "https://konachan.net/image/ad6245ceece28863a6e8238c8455f59b/Konachan.com%20-%207022%20brown_hair%20cheerleader%20galge.com%20hanamura_mai%20logo%20loli%20panties%20twintails%20underwear.jpg"
    },
     {
	"teks": "*Silahkan Diambil Asupan Lolinya*",
	"image": "https://konachan.net/image/ad6245ceece28863a6e8238c8455f59b/Konachan.com%20-%207022%20brown_hair%20cheerleader%20galge.com%20hanamura_mai%20logo%20loli%20panties%20twintails%20underwear.jpg"
    },
     {
	"teks": "*Silahkan Diambil Asupan Lolinya*",
	"image": "https://konachan.net/image/e704cbdd012cc12aa2a667222224f700/Konachan.com%20-%207056%20gagraphic%20jpeg_artifacts%20logo%20loli%20panties%20techgirl%20underwear%20watermark%20zankuro.jpg"
    },
     {
	"teks": "*Silahkan Diambil Asupan Lolinya*",
	"image": "https://konachan.net/image/52f11de74a7f6a771bc9448aaf183d1c/Konachan.com%20-%207187%20beach%20bikini%20food%20fruit%20group%20kurugaya_yuiko%20loli%20miyazawa_kengo%20naoe_riki%20natsume_rin%20nishizono_mio%20saigusa_haruka%20swim_ring%20swimsuit%20watermelon.jpg"
    },
    {
	"teks": "*Silahkan Diambil Asupan Lolinya*",
	"image": "https://konachan.net/image/6cb8ea7f7708d423fad91e560336b6f1/Konachan.com%20-%207213%20gagraphic%20logo%20loli%20shigatake%20watermark.jpg"
    },
     {
	"teks": "*Silahkan Diambil Asupan Lolinya*",
	"image": "https://konachan.net/image/55677e8874ada9cd9925c8bc092dd0ab/Konachan.com%20-%207215%20gagraphic%20logo%20loli%20swim_ring%20tororo%20watermark.jpg"
    },
     {
	"teks": "*Silahkan Diambil Asupan Lolinya*",
	"image": "https://konachan.net/image/3d8a87f0d24a9715a77d0fbf7d2c3ba3/Konachan.com%20-%207226%20gagraphic%20japanese_clothes%20logo%20loli%20miko%20tororo%20watermark.jpg"
    },
     {
	"teks": "*Silahkan Diambil Asupan Lolinya*",
	"image": "https://konachan.net/image/733902065b52e411ac4908845a35d301/Konachan.com%20-%207230%20barefoot%20demon%20gagraphic%20logo%20loli%20watermark%20xration.jpg"
    },
     {
	"teks": "*Silahkan Diambil Asupan Lolinya*",
	"image": "https://konachan.net/image/41f73540bf794829ac217538eac625ef/Konachan.com%20-%207322%20dee%20estrella%20gagraphic%20kuramoto_kaya%20liddel%20little_stars_on_the_earth%20logo%20loli%20watermark%20wisteria.jpg"
    },
     {
	"teks": "*Silahkan Diambil Asupan Lolinya*",
	"image": "https://konachan.net/image/ef2106591d17f7ae6cd319917cacc050/Konachan.com%20-%207388%20hatsukoi%20loli%20sakurai_komono%20tagme.jpg"
    },
    {
	"teks": "*Silahkan Diambil Asupan Lolinya*",
	"image": "https://konachan.net/image/b54d8c9a0301c1d8b2c3b839a2e14273/Konachan.com%20-%207409%20hatsukoi%20loli%20sakurai_komono.jpg"
    },
     {
	"teks": "*Silahkan Diambil Asupan Lolinya*",
	"image": "https://konachan.net/image/768a5f29e0f8f02a927c00973ebcdda8/Konachan.com%20-%207494%202girls%20asakura_maina%20asakura_yuna%20blue_eyes%20blush%20bow%20hat%20jpeg_artifacts%20loli%20long_hair%20pink_hair%20short_hair%20studio_ring%20twins%20watermark.jpg"
    },
    {
	"teks": "*Silahkan Diambil Asupan Lolinya*",
	"image": "https://konachan.net/image/7e50ee52bd318d456f6c2fd12672e528/Konachan.com%20-%2010855%20loli%20tagme.jpg"
    },
    {
	"teks": "*Silahkan Diambil Asupan Lolinya*",
	"image": "https://konachan.net/image/4fd317f0d738872eed9b182b53ff72ab/Konachan.com%20-%2010843%20loli%20tagme.jpg"
    },
    {
	"teks": "*Silahkan Diambil Asupan Lolinya*",
	"image": "https://1.bp.blogspot.com/-LhcVxnWnHVk/X7Z5y19zVyI/AAAAAAAATLg/jAHL68gHlyQ23N0TlyLgjJUhAyHm2oyTwCNcBGAsYHQ/s600/fujibayashi_125947671_1054495491640173_1647408638370146251_n.jpg"
    },
    {
	"teks": "*Silahkan Diambil Asupan Lolinya*",
	"image": "https://1.bp.blogspot.com/-BvQX-LbCuQw/X7Z6k73eR4I/AAAAAAAATYQ/l0t-VLmuzyc6dmKKPIW7WGrNyRcVQrOSQCNcBGAsYHQ/s600/kawaii_loli_neko_69957564_961157917588845_1540985362601632485_n.jpg"
    },
    {
	"teks": "*Silahkan Diambil Asupan Lolinya*",
	"image": "https://1.bp.blogspot.com/-1l-6HDfgkrE/X7Z6lQaLwEI/AAAAAAAATYU/D4LmF4IbI88GYd4NtUz0XNPJMFhdc7JZQCNcBGAsYHQ/s600/kawaii_loli_neko_69959033_1229810490546132_3091000071804326552_n.jpg"
    },
    {
	"teks": "*Silahkan Diambil Asupan Lolinya*",
	"image": "https://1.bp.blogspot.com/-mbDkSt5DRAg/X7Z6mFFDHZI/AAAAAAAATYk/sQ_ExKzhmKsMnpXOD6-_OHwzg1TRlcxbwCNcBGAsYHQ/s600/kawaii_loli_neko_71314204_439377326715895_7865576828878072237_n.jpg"
    },
    {
	"teks": "*Silahkan Diambil Asupan Lolinya*",
	"image": "https://1.bp.blogspot.com/-_RNo0zbE0s4/X7Z6mXtxRgI/AAAAAAAATYo/pqgOunkwUmIY_cX4iyUf1Wd1oFwu8iOKQCNcBGAsYHQ/s600/kawaii_loli_neko_71815651_149137756346258_7808098863661874782_n.jpg"
    },
    {
	"teks": "*Silahkan Diambil Asupan Lolinya*",
	"image": "https://1.bp.blogspot.com/-KWkCjZkas8A/X7Z6mk4TgeI/AAAAAAAATYs/LRNjLFuJDOEyTr7g90P4t_Fu9audN5bJACNcBGAsYHQ/s600/kawaii_loli_neko_72773678_188241262227599_8527478209353418632_n.jpg"
    },
    {
	"teks": "*Silahkan Diambil Asupan Lolinya*",
	"image": "https://1.bp.blogspot.com/-RXOavEzvDTs/X7Z6m50Cf7I/AAAAAAAATYw/Eb3jVCjCProbyhoQaojAQaoiriHT6psGwCNcBGAsYHQ/s600/kawaii_loli_neko_72951133_482953802323040_9162929461303515072_n.jpg"
    },
    {
	"teks": "*Silahkan Diambil Asupan Lolinya*",
	"image": "https://1.bp.blogspot.com/-WiFIii1W9uU/X7Z6m7vZlSI/AAAAAAAATY0/LF7Im6rI0PM51Imc5EGypU3X2SLdpZbTgCNcBGAsYHQ/s600/kawaii_loli_neko_72954698_148601206460909_102415443488215230_n.jpg"
    },
    {
	"teks": "*Silahkan Diambil Asupan Lolinya*",
	"image": "https://1.bp.blogspot.com/-Tob0Kp2D8d0/X7Z6nQeVwgI/AAAAAAAATY4/KoD5MEueHooP4Tn3HbnwFtRhIzpDYS8kwCNcBGAsYHQ/s600/kawaii_loli_neko_72959827_154731509258152_4915507028707810867_n.jpg"
    },
    {
	"teks": "*Silahkan Diambil Asupan Lolinya*",
	"image": "https://1.bp.blogspot.com/-j8R5JglZ-p0/X7Z6nQe1jWI/AAAAAAAATY8/XS0nvLnvlpkOmNepKUSTUCGSir-8imZWwCNcBGAsYHQ/s600/kawaii_loli_neko_73140174_195318538162549_7915044207965357108_n.jpg"
    },
    {
	"teks": "*Silahkan Diambil Asupan Lolinya*",
	"image": "https://1.bp.blogspot.com/-7LieI-UAswI/X7Z6nvT7byI/AAAAAAAATZA/UBMe9qO-Makt-Evzm5dYisalCzCREgXpwCNcBGAsYHQ/s600/kawaii_loli_neko_73162676_538868993508904_6139636474902870123_n.jpg"
    },
    {
	"teks": "*Silahkan Diambil Asupan Lolinya*",
	"image": "https://1.bp.blogspot.com/-ACr1DWoI8_A/X7Z6n9djLzI/AAAAAAAATZE/S5Je9HLMexIG3tU_cBjbY-bFyfhQtgyfQCNcBGAsYHQ/s600/kawaii_loli_neko_73220326_1380967505393641_2171098688983310034_n.jpg"
    },
    {
	"teks": "*Silahkan Diambil Asupan Lolinya*",
	"image": "https://1.bp.blogspot.com/-90ohb5l0iY4/X7Z6ny--VOI/AAAAAAAATZI/sJ-WHNaWGXgZXAddGmkhbZ2ekJ7d5a2bQCNcBGAsYHQ/s600/kawaii_loli_neko_73220956_969011750139856_1106514837279964686_n.jpg"
    },
    {
	"teks": "*Silahkan Diambil Asupan Lolinya*",
	"image": "https://1.bp.blogspot.com/-zI3Ctmm4_pA/X7Z6oIrzS3I/AAAAAAAATZM/BoCJ2_Id6KkydaGGbEorkLpAjoGPzxz3wCNcBGAsYHQ/s600/kawaii_loli_neko_73372048_195269038297743_2932519654573772652_n.jpg"
    },
    {
	"teks": "*Silahkan Diambil Asupan Lolinya*",
	"image": "https://1.bp.blogspot.com/-2kgitE3O8uo/X7Z6oZdkF1I/AAAAAAAATZQ/pfesqv9auBQ9alkZWc21frJewLWJYaMBACNcBGAsYHQ/s600/kawaii_loli_neko_73512739_484085368893055_8537190659559669968_n.jpg"
    },
    {
	"teks": "*Silahkan Diambil Asupan Lolinya*",
	"image": "https://1.bp.blogspot.com/-nLkfkx0QsAg/X7Z6ol9AJ3I/AAAAAAAATZU/ZfRvlpsTrQkN5q_um_t6XWRqW4bnF-21ACNcBGAsYHQ/s600/kawaii_loli_neko_74618207_157660515459984_6488949477043710811_n.jpg"
    },
    {
	"teks": "*Silahkan Diambil Asupan Lolinya*",
	"image": "https://1.bp.blogspot.com/-LLPad4fMobk/X7Z6ox9xEBI/AAAAAAAATZY/25l3tZKYhD8uxLMDpaHO0YafXmWEUpQvACNcBGAsYHQ/s600/kawaii_loli_neko_74623950_821772921572981_2616720711177834700_n.jpg"
    },
    {
	"teks": "*Silahkan Diambil Asupan Lolinya*",
	"image": "https://1.bp.blogspot.com/-m3VCQlSMx7w/X7Z6pAf9jMI/AAAAAAAATZg/A9qDVWUIgLc_0Tq3fg-gZMFE4Z_HVHzwQCNcBGAsYHQ/s600/kawaii_loli_neko_74623974_556129651813094_1933475041238158363_n.jpg"
    },
    {
	"teks": "*Silahkan Diambil Asupan Lolinya*",
	"image": "https://1.bp.blogspot.com/-qanYosNSgRE/X7Z6o8bdUeI/AAAAAAAATZc/y6Kmd3NCUKAWgfXf0DX70cs9PKW4ASBmQCNcBGAsYHQ/s600/kawaii_loli_neko_74665241_699107664203297_4279278218599793223_n.jpeg"
    },
    {
	"teks": "*Silahkan Diambil Asupan Lolinya*",
	"image": "https://1.bp.blogspot.com/-wE3R8FDts88/X7Z6pVY5G4I/AAAAAAAATZk/XON9FNtNTpogVsRG1cWuj3d4WR7dWhmwwCNcBGAsYHQ/s600/kawaii_loli_neko_74693391_126500785078306_4406883412562973924_n.jpg"
    },
    {
	"teks": "*Silahkan Diambil Asupan Lolinya*",
	"image": "https://1.bp.blogspot.com/-uPECRCSctDQ/X7Z6pcdLeiI/AAAAAAAATZo/WOYsxxIFygU3EBLr8fbbv5lelHwilWl4gCNcBGAsYHQ/s600/kawaii_loli_neko_74828329_109418677055179_8488959036264182300_n.jpg"
    },
    {
	"teks": "*Silahkan Diambil Asupan Lolinya*",
	"image": "https://1.bp.blogspot.com/-wk16i7liTqM/X7Z6pq12oNI/AAAAAAAATZs/DQvmUPTGImUvUDh70yPepWI5a_Ur8J8BgCNcBGAsYHQ/s600/kawaii_loli_neko_75207248_2981142581898570_1646916657925639582_n.jpg"
    },
    {
	"teks": "*Silahkan Diambil Asupan Lolinya*",
	"image": "https://1.bp.blogspot.com/-0-rMdTuyM3E/X7Z6p07-oDI/AAAAAAAATZw/yTcmXiZhoL8Ig4rdYHNGuAhPU1MkRgiWQCNcBGAsYHQ/s600/kawaii_loli_neko_75243094_2386061318376229_809844267305728021_n.jpg"
    },
    {
	"teks": "*Silahkan Diambil Asupan Lolinya*",
	"image": "https://1.bp.blogspot.com/-wgDwS9gUMM4/X7Z6qODrU9I/AAAAAAAATZ0/sE4vPqDOMNw0z3oiCEQauFY6QlLmLjdrQCNcBGAsYHQ/s600/kawaii_loli_neko_75244454_2560716367330271_1740816304205256622_n.jpg"
    },
    {
	"teks": "*Silahkan Diambil Asupan Lolinya*",
	"image": "https://1.bp.blogspot.com/-Q0ypibL8UA0/X7Z6qQnZXcI/AAAAAAAATZ4/Wf3881HgtgQkFFQDJRjdorlvIxgdxX3eACNcBGAsYHQ/s600/kawaii_loli_neko_75259564_577918459627620_1760886470732390918_n.jpg"
    },
    {
	"teks": "*Silahkan Diambil Asupan Lolinya*",
	"image": "https://1.bp.blogspot.com/-LIX8i2mwLLc/X7Z6qSAjgoI/AAAAAAAATZ8/om4rT0Vt-_8CZo82L-_Kc_KhzKUb_rWMQCNcBGAsYHQ/s600/kawaii_loli_neko_75285370_1320704994790241_3948790767964438522_n.jpg"
    },
    {
	"teks": "*Silahkan Diambil Asupan Lolinya*",
	"image": "https://1.bp.blogspot.com/--8I9y1k2Mng/X7Z6qtQhi9I/AAAAAAAATaA/igHg1qof_eU4q_QubwkTO4Bk_MKQzs2QgCNcBGAsYHQ/s600/kawaii_loli_neko_75305210_491302638411573_7480263287038858828_n.jpg"
    },
    {
	"teks": "*Silahkan Diambil Asupan Lolinya*",
	"image": "https://1.bp.blogspot.com/-hQWH8MHVIdI/X7Z6rBEtUUI/AAAAAAAATaE/yFAVipp_tSgFXQKR96RRYvI1e4hKATGpwCNcBGAsYHQ/s600/kawaii_loli_neko_75349259_165996327937254_1179078508895523078_n.jpg"
    },
    {
	"teks": "*Silahkan Diambil Asupan Lolinya*",
	"image": "https://1.bp.blogspot.com/-ON0HtxnBMBE/X7Z6rsCcwdI/AAAAAAAATaI/TX2iROX51XQOypcOmivoRR_OBt7QHfFpACNcBGAsYHQ/s600/kawaii_loli_neko_75379820_577798089715509_7400255234257285072_n.jpg"
    },
    {
	"teks": "*Silahkan Diambil Asupan Lolinya*",
	"image": "https://1.bp.blogspot.com/-mLnxXmiD-a0/X7Z6sDHUdkI/AAAAAAAATaQ/lKYuz2PDmdg9qCj-oRQYiU-83lOskGdKwCNcBGAsYHQ/s600/kawaii_loli_neko_75448867_100988271342969_2603705068232739303_n.jpg"
    },
    {
	"teks": "*Silahkan Diambil Asupan Lolinya*",
	"image": "https://1.bp.blogspot.com/-aLRHv4Jk8vc/X7Z6r0wDP-I/AAAAAAAATaM/dE3StJcTMNMeMiuBoUtx5Oxbd_zvFuiMQCNcBGAsYHQ/s600/kawaii_loli_neko_75477015_150498876250307_8803768773444459967_n.jpg"
    },
    {
	"teks": "*Silahkan Diambil Asupan Lolinya*",
	"image": "https://1.bp.blogspot.com/-1ngQGsNRMNg/X7Z6sR5wi4I/AAAAAAAATaU/Ckk37pBdETc0lBxv2bSjJYKjn8QySBb2ACNcBGAsYHQ/s600/kawaii_loli_neko_75477055_102841077837086_3314504889430516622_n.jpg"
    },
    {
	"teks": "*Silahkan Diambil Asupan Lolinya*",
	"image": "https://1.bp.blogspot.com/-NPxgz5gE7tQ/X7Z6st82GmI/AAAAAAAATaY/dwGxmy5e7AcO4WxuWNiLswOVSvlfPx5ugCNcBGAsYHQ/s600/kawaii_loli_neko_75534217_600919344008047_7542848122353617735_n.jpg"
    },
    {
	"teks": "*Silahkan Diambil Asupan Lolinya*",
	"image": "https://1.bp.blogspot.com/-WuTu46DeS7g/X7Z6sjR93KI/AAAAAAAATac/771Fo99bR1UA05h-g3FGtrp6Y5m2e0gtACNcBGAsYHQ/s600/kawaii_loli_neko_75571743_441319813221511_7500960650078882480_n.jpg"
    },
    {
	"teks": "*Silahkan Diambil Asupan Lolinya*",
	"image": "https://1.bp.blogspot.com/-5v0PVrUCroE/X7Z6s6aLsgI/AAAAAAAATag/eoSgy49n-Gcw2BMt1FxO-0xjcw7z4UxDACNcBGAsYHQ/s600/kawaii_loli_neko_75571745_422062825371143_899400359819274522_n.jpg"
    },
    {
	"teks": "*Silahkan Diambil Asupan Lolinya*",
	"image": "https://1.bp.blogspot.com/-R9iDB9mja7A/X7Z6tebIoJI/AAAAAAAATao/IIfvj_cmfhACdBK9QOk_rORUGbMc6vNigCNcBGAsYHQ/s600/kawaii_loli_neko_76796616_124746432329459_8864593907438572603_n.jpg"
    },
    {
	"teks": "*Silahkan Diambil Asupan Lolinya*",
	"image": "https://1.bp.blogspot.com/-VLS-250xNUY/X7Z6tuoN5LI/AAAAAAAATaw/U2MlTxLBu7sHR-pueh2plfu0QejRzgdzQCNcBGAsYHQ/s600/kawaii_loli_neko_76873289_1028349224186073_1173305481561639372_n.jpg"
    },
    {
	"teks": "*Silahkan Diambil Asupan Lolinya*",
	"image": "https://1.bp.blogspot.com/-YYKzjsyBEkk/X7Z6trHDCMI/AAAAAAAATas/6uSbqooO7AkYUMb0ldKFGNhHW_RK7K7JQCNcBGAsYHQ/s600/kawaii_loli_neko_76917358_461216014580817_7629102774459834883_n.jpg"
    },
    {
	"teks": "*Silahkan Diambil Asupan Lolinya*",
	"image": "https://1.bp.blogspot.com/-Xm81vxjjfuU/X7Z6t27p3sI/AAAAAAAATa0/_ROcjWgG4JUeVLqfFxOybGcoJu8p7c9iQCNcBGAsYHQ/s600/kawaii_loli_neko_77276915_168192567755055_8455506357676511167_n.jpg"
    },
    {
	"teks": "*Silahkan Diambil Asupan Lolinya*",
	"image": "https://1.bp.blogspot.com/--MRE_KrZmP0/X7Z6uJrr65I/AAAAAAAATa4/usTikTEY1eUewHbbRAEoBsKM4648gk6UgCNcBGAsYHQ/s600/kawaii_loli_neko_78744342_1270470879803790_1769138962839557566_n.jpg"
    },
    {
	"teks": "*Silahkan Diambil Asupan Lolinya*",
	"image": "https://1.bp.blogspot.com/-RaT8DTQTuaI/X7Z6uPnp3zI/AAAAAAAATa8/kS-NL-1ehpAEX5Sne78xUWpqkuzAKMGRgCNcBGAsYHQ/s600/kawaii_loli_neko_78930005_172870710463639_8797260338322117691_n.jpg"
    },
    {
	"teks": "*Silahkan Diambil Asupan Lolinya*",
	"image": "https://1.bp.blogspot.com/-AbWSQDgt5X4/X7Z6uqk2CGI/AAAAAAAATbA/m5Wq9KeXBE4mcOCLLYRGOgrVeeIGqEjkACNcBGAsYHQ/s600/kawaii_loli_neko_78943346_1021378828222235_343932196464250357_n.jpg"
    },
    {
	"teks": "*Silahkan Diambil Asupan Lolinya*",
	"image": "https://1.bp.blogspot.com/-Oz5bOyx_oXI/X7Z6vLiBc1I/AAAAAAAATbI/1_6_2d_Afh8A_JeM8RezLCj-qpU-1anSACNcBGAsYHQ/s600/kawaii_loli_neko_79005788_176323050124034_8081199318139403805_n.jpg"
    },
    {
	"teks": "*Silahkan Diambil Asupan Lolinya*",
	"image": "https://1.bp.blogspot.com/-r4M28H0CoDQ/X7Z6u9sJMqI/AAAAAAAATbE/t8dAiKAL-wsKnQQL1oFAwD7OHfTz_TOUgCNcBGAsYHQ/s600/kawaii_loli_neko_79142858_823338238116674_8200926693754805159_n.jpg"
    },
    {
	"teks": "*Silahkan Diambil Asupan Lolinya*",
	"image": "https://1.bp.blogspot.com/-WXNFQ65mbjY/X7Z6vdZLoJI/AAAAAAAATbM/CYNZyBeakgMn3djXoAGxLuoRnHe2IhmmwCNcBGAsYHQ/s600/kawaii_loli_neko_79371388_1012024075820481_6896127550769127376_n.jpg"
    },
    {
	"teks": "*Silahkan Diambil Asupan Lolinya*",
	"image": "https://1.bp.blogspot.com/-e5qPz65qu8Y/X7Z6vYABesI/AAAAAAAATbQ/EEnH4DKZukoCT5u7w6acQCdwLxNbmXggQCNcBGAsYHQ/s600/kawaii_loli_neko_79372019_117068603121680_6106904141423626786_n.jpg"
    },
    {
	"teks": "*Silahkan Diambil Asupan Lolinya*",
	"image": "https://1.bp.blogspot.com/-bXye8-syXr8/X7Z6vmrkQpI/AAAAAAAATbU/oYc-pKb3mB4qi-66wU-NQdbgldfJzOFwQCNcBGAsYHQ/s600/kawaii_loli_neko_79372702_773740653141433_5779422182523460879_n.jpg"
    },
    {
	"teks": "*Silahkan Diambil Asupan Lolinya*",
	"image": "https://1.bp.blogspot.com/-QCIp38PU31w/X7Z6wJrCbPI/AAAAAAAATbY/EVHVMg3_g607Xodp7J9HlWOWtESeqI8GACNcBGAsYHQ/s600/kawaii_loli_neko_79378286_480125676034194_4332727524025092779_n.jpg"
    },
    {
	"teks": "*Silahkan Diambil Asupan Lolinya*",
	"image": "https://1.bp.blogspot.com/-kb4l4a9Gs-c/X7Z6wGSUkqI/AAAAAAAATbc/OLww1cdxiFcbt4pcOoqTq7NbEUJj8tYiACNcBGAsYHQ/s600/kawaii_loli_neko_79442604_374314133407870_2568446595877906324_n.jpg"
    },
    {
	"teks": "*Silahkan Diambil Asupan Lolinya*",
	"image": "https://1.bp.blogspot.com/-N9CcQa5xQiw/X7Z6wP3eoeI/AAAAAAAATbg/frvG9yGzf2ckblKj84CvqCBVWyis8gGqgCNcBGAsYHQ/s600/kawaii_loli_neko_79510937_2523037401308494_1258978650567371698_n.jpg"
    },
    {
	"teks": "*Silahkan Diambil Asupan Lolinya*",
	"image": "https://1.bp.blogspot.com/-3Dx6x1snx1s/X7Z6wkspmsI/AAAAAAAATbk/h5DtHNsF_dkV6ptv6XbBcG-MvlRQz_9xgCNcBGAsYHQ/s600/kawaii_loli_neko_79602667_156347009025518_1903511357632216662_n.jpg"
    },
    {
	"teks": "*Silahkan Diambil Asupan Lolinya*",
	"image": "https://1.bp.blogspot.com/-30nd28vOMIw/X7Z6w01qJUI/AAAAAAAATbo/Dx7zK4sDdiAsViHusjIuUdBKJ2oHRMs1gCNcBGAsYHQ/s600/kawaii_loli_neko_79609261_853817051717767_3918506197016970179_n.jpg"
    },
    {
	"teks": "*Silahkan Diambil Asupan Lolinya*",
	"image": "https://1.bp.blogspot.com/-nN0IxO5PzHs/X7Z6xBBjRRI/AAAAAAAATbs/MPZVz-tEN4gTSHvrch9H2dcmjvcg6vjmACNcBGAsYHQ/s600/kawaii_loli_neko_79720100_503272256970150_5886117018328058115_n.jpg"
    },
    {
	"teks": "*Silahkan Diambil Asupan Lolinya*",
	"image": "https://1.bp.blogspot.com/-KqmPvEVOi6c/X7Z6xds7I-I/AAAAAAAATbw/ndi31NTKnt8WXF43H52reQhZP93txS4bQCNcBGAsYHQ/s600/kawaii_loli_neko_79786012_508296153368265_676100399432283713_n.jpg"
    },
    {
	"teks": "*Silahkan Diambil Asupan Lolinya*",
	"image": "https://1.bp.blogspot.com/-ZdXRq3srp7g/X7Z6xhljQ8I/AAAAAAAATb0/QaMW9eCHahs28vr_GrKBwBGxQhenZlKTwCNcBGAsYHQ/s600/kawaii_loli_neko_79854438_111534436821907_571465881673936827_n.jpg"
    },
    {
	"teks": "*Silahkan Diambil Asupan Lolinya*",
	"image": "https://1.bp.blogspot.com/-8YBqvuCASuY/X7Z6xqDNqgI/AAAAAAAATb4/d-WesMh7VIsR4xY8yG1m0CFzuM6q_F6awCNcBGAsYHQ/s600/kawaii_loli_neko_79964073_353182502313975_7161171975651983105_n.jpg"
    },
    {
	"teks": "*Silahkan Diambil Asupan Lolinya*",
	"image": "https://1.bp.blogspot.com/-eeDUiXP7TG8/X7Z6x2I15lI/AAAAAAAATb8/cq_wmAgrt7kMMt0zrEo2ApOSVenPh9OOgCNcBGAsYHQ/s600/kawaii_loli_neko_80036572_178805106565779_648231177996830347_n.jpg"
    },
    {
	"teks": "*Silahkan Diambil Asupan Lolinya*",
	"image": "https://1.bp.blogspot.com/-Mw7dR4HgFag/X7Z6yBMTr2I/AAAAAAAATcA/3_AZwMIVZVcuBMQTQjgo9n5kiwB3cSdwwCNcBGAsYHQ/s600/kawaii_loli_neko_80332605_481788292770595_7068093413093300849_n.jpg"
    },
    {
	"teks": "*Silahkan Diambil Asupan Lolinya*",
	"image": "https://1.bp.blogspot.com/-rZ1S0gDfLFo/X7Z6ySG0VKI/AAAAAAAATcE/b5iSw9baOskzzvQHzD1Y8FoIEG0uBtNawCNcBGAsYHQ/s600/kawaii_loli_neko_80496261_173359640430424_1929889838398125945_n.jpg"
    },
    {
	"teks": "*Silahkan Diambil Asupan Lolinya*",
	"image": "https://1.bp.blogspot.com/-WY8vmM9dido/X7Z6yWLNs-I/AAAAAAAATcI/3Hoxi-C0e_MC9uCVaWG5DwZ3NV5rVy6-ACNcBGAsYHQ/s600/kawaii_loli_neko_80509109_483623195867794_7250647864450139666_n.jpg"
    },
    {
	"teks": "*Silahkan Diambil Asupan Lolinya*",
	"image": "https://1.bp.blogspot.com/-Z_m9v80ugTo/X7Z6yn-1UuI/AAAAAAAATcM/vwXWLOEIoag7bRBCU8iSQkiRwcBBjKW1wCNcBGAsYHQ/s600/kawaii_loli_neko_80590344_204367350718049_2257372756415887359_n.jpg"
    },
    {
	"teks": "*Silahkan Diambil Asupan Lolinya*",
	"image": "https://1.bp.blogspot.com/-STESWodCd_k/X7Z6y32KMwI/AAAAAAAATcU/b6ofeVM8qE87in9563PY5ERLegYxi-k0QCNcBGAsYHQ/s600/kawaii_loli_neko_80604653_2491674737740773_8450355576871403397_n.jpg"
    },
    {
	"teks": "*Silahkan Diambil Asupan Lolinya*",
	"image": "https://1.bp.blogspot.com/-PittBMB6qEw/X7Z6y9sFjlI/AAAAAAAATcQ/4BONbbTXprIk3zs3TZ0-ZonjfQBJR0w_wCNcBGAsYHQ/s600/kawaii_loli_neko_80608505_469602140599812_9059474853947054711_n.jpg"
    },
    {
	"teks": "*Silahkan Diambil Asupan Lolinya*",
	"image": "https://1.bp.blogspot.com/-CvxotYjstTE/X7Z6zPbTZEI/AAAAAAAATcY/qcbZV9JIZhUe8EZ0RQy9U-_KN58qTyyEgCNcBGAsYHQ/s600/kawaii_loli_neko_80651772_170534627366639_2648510288758167236_n.jpg"
    },
    {
	"teks": "*Silahkan Diambil Asupan Lolinya*",
	"image": "https://1.bp.blogspot.com/-1t-o9wTuF48/X7Z6zwtuzDI/AAAAAAAATcc/_whqySeKWygZvkshjuGx6861b0N47OSkQCNcBGAsYHQ/s600/kawaii_loli_neko_80670851_2456326997915123_8119521563488883933_n.jpg"
    },
    {
	"teks": "*Silahkan Diambil Asupan Lolinya*",
	"image": "https://1.bp.blogspot.com/-9kwgA7IHzP8/X7Z60QudeKI/AAAAAAAATcg/WtMmSwJfoi0jtZqCD_oqMoIen3Tz6I66gCNcBGAsYHQ/s600/kawaii_loli_neko_80691738_881508288948407_4265900212563015399_n.jpg"
    },
    {
	"teks": "*Silahkan Diambil Asupan Lolinya*",
	"image": "https://1.bp.blogspot.com/-tSf8aI7EArc/X7Z60V0w4fI/AAAAAAAATck/iMGHFEojTaYwiW3NCeeZ-pSOEDKOWlZaQCNcBGAsYHQ/s600/kawaii_loli_neko_80718751_2484520361764949_5244874645039261374_n.jpg"
    },
    {
	"teks": "*Silahkan Diambil Asupan Lolinya*",
	"image": "https://1.bp.blogspot.com/-h3DyFnXxXR4/X7Z60oXZ_VI/AAAAAAAATco/YUkWOaxpP3AyN0t32D6a1btdrwFPiIsfwCNcBGAsYHQ/s600/kawaii_loli_neko_80752366_169308094333290_5035882164814607743_n.jpg"
    },
    {
	"teks": "*Silahkan Diambil Asupan Lolinya*",
	"image": "https://1.bp.blogspot.com/-Ju9cvYPVWdg/X7Z608XQK7I/AAAAAAAATcw/jan_BDogosomm6aSBJPWFdGMzj_VpYTWACNcBGAsYHQ/s600/kawaii_loli_neko_80890542_165854574729422_1578650820435399810_n.jpg"
    },
    {
	"teks": "*Silahkan Diambil Asupan Lolinya*",
	"image": "https://1.bp.blogspot.com/-NVYJl_IjVJg/X7Z604ySAeI/AAAAAAAATcs/z6Y_o6ENTY8XZjWR1ELdf5fhuQpRfuL1ACNcBGAsYHQ/s600/kawaii_loli_neko_81269195_2484202778376009_230219667991919130_n.jpg"
    },
    {
	"teks": "*Silahkan Diambil Asupan Lolinya*",
	"image": "https://1.bp.blogspot.com/-ryD_BgxhIoY/X7Z61v9n6PI/AAAAAAAATc4/Xuyx4ZtEDKIs0elpRB4vx_hk0WEcZxE5gCNcBGAsYHQ/s600/kawaii_loli_neko_81363370_836115760142479_7090125151348527888_n.jpg"
    },
    {
	"teks": "*Silahkan Diambil Asupan Lolinya*",
	"image": "https://1.bp.blogspot.com/-qoWxr6QvlB0/X7Z61qXHLHI/AAAAAAAATc8/A-o7SAOS1OAfti8xHDGjb-H0X693G2xrQCNcBGAsYHQ/s600/kawaii_loli_neko_81626031_174524453928408_3618548369289031060_n.jpg"
    },
    {
	"teks": "*Silahkan Diambil Asupan Lolinya*",
	"image": "https://1.bp.blogspot.com/-9hQ-tgQL0B4/X7Z613l8LdI/AAAAAAAATdA/92aNFy7vzOQCXtjY-Mwkyjwu91xTX90nACNcBGAsYHQ/s600/kawaii_loli_neko_81749236_622198401942921_2848277009727129514_n.jpg"
    },
    {
	"teks": "*Silahkan Diambil Asupan Lolinya*",
	"image": "https://1.bp.blogspot.com/-2-IulDV-hhY/X7Z62L6bCoI/AAAAAAAATdE/WQvB0OPOzYsFpzmc0H0m0Y4F_4ixgaKigCNcBGAsYHQ/s600/kawaii_loli_neko_82101172_492272111707484_8665610831417270140_n.jpg"
    },
    {
	"teks": "*Silahkan Diambil Asupan Lolinya*",
	"image": "https://1.bp.blogspot.com/-tVWRs5OtyYc/X7Z62yCcrII/AAAAAAAATdI/JzUpRFbYkbYJT1-IY8UDLxaw3GvFuAW9gCNcBGAsYHQ/s600/kawaii_loli_neko_82108471_553912441866459_3629769384607432874_n.jpg"
    },
    {
	"teks": "*Silahkan Diambil Asupan Lolinya*",
	"image": "https://1.bp.blogspot.com/-GrCo5ZFgTk0/X7Z63frMqSI/AAAAAAAATdQ/Xpue4wYUBmsaWgY3Neuq3Hj6CeC9uVyqgCNcBGAsYHQ/s600/kawaii_loli_neko_82211210_128634728455328_9197864891660665974_n.jpg"
    },
    {
	"teks": "*Silahkan Diambil Asupan Lolinya*",
	"image": "https://1.bp.blogspot.com/-i-_HX73fBrU/X7Z63mzJ3YI/AAAAAAAATdU/GYjLc3U7c6kr66h9f4Ufyi4yNXPkGKx5ACNcBGAsYHQ/s600/kawaii_loli_neko_82283234_2649160081797701_5620326812700576430_n.jpg"
    },
    {
	"teks": "*Silahkan Diambil Asupan Lolinya*",
	"image": "https://1.bp.blogspot.com/-JLRqD64-hYM/X7Z63FNqV4I/AAAAAAAATdM/EFXLnHGFsgsDgIpoDaCVhufSYrpYjA5eACNcBGAsYHQ/s600/kawaii_loli_neko_82253016_835216560282721_4058055079496985512_n.jpg"
    },
    {
	"teks": "*Silahkan Diambil Asupan Lolinya*",
	"image": "https://1.bp.blogspot.com/-j-iCuT6msgs/X7Z63mR67_I/AAAAAAAATdY/hbjhTiZjq1UYJiLcspN_TPZr_XI2ZMQcACNcBGAsYHQ/s600/kawaii_loli_neko_82291061_122058089250488_6518764923724550574_n.jpg"
    },
    {
	"teks": "*Silahkan Diambil Asupan Lolinya*",
	"image": "https://1.bp.blogspot.com/-a14z59o5Dcs/X7Z636wRwqI/AAAAAAAATdc/46l9pJgLUy4JWNebG1-CeaXnlhJeLft5QCNcBGAsYHQ/s600/kawaii_loli_neko_82298967_2283909855240770_9159181451142128578_n.jpg"
    },
    {
	"teks": "*Silahkan Diambil Asupan Lolinya*",
	"image": "https://1.bp.blogspot.com/-kPWGglIvIk8/X7Z64ClI-sI/AAAAAAAATdk/d-HmULGATFwNUPZxzivFwuDnG0l5R1VhgCNcBGAsYHQ/s600/kawaii_loli_neko_82523360_187027115709033_5883229120746732226_n.jpg"
    },
    {
	"teks": "*Silahkan Diambil Asupan Lolinya*",
	"image": "https://1.bp.blogspot.com/-DQCZylSCjR8/X7Z64PrBE1I/AAAAAAAATdg/oot0ICJA9xMglATh57gtF0jk8NrYLt2AwCNcBGAsYHQ/s600/kawaii_loli_neko_82578509_611019746396952_570505780299034736_n.jpg"
    },
    {
	"teks": "*Silahkan Diambil Asupan Lolinya*",
	"image": "https://1.bp.blogspot.com/-2NIM46EOkro/X7Z64bn_i3I/AAAAAAAATdo/LVo5oQBJIGwe46h7tmW0bgaM7yMupBOjQCNcBGAsYHQ/s600/kawaii_loli_neko_82667616_478873472825912_5694363426412978132_n.jpg"
    },
    {
	"teks": "*Silahkan Diambil Asupan Lolinya*",
	"image": "https://1.bp.blogspot.com/-Kkq5u9w5kxE/X7Z64s-nT5I/AAAAAAAATds/O42MffTGDXQASz_GIio1iB76K0Sf12X9gCNcBGAsYHQ/s600/kawaii_loli_neko_82871571_3466588396745615_3093995263596561657_n.jpg"
    },
    {
	"teks": "*Silahkan Diambil Asupan Lolinya*",
	"image": "https://1.bp.blogspot.com/-rd98atUYgoA/X7Z644XjrII/AAAAAAAATdw/vTMyCX5f2iIGV15B3VBo_xWzcef5naRFACNcBGAsYHQ/s1350/kawaii_loli_neko_82921889_3399731006812732_3380966087679636687_n.jpg"
    },
    {
	"teks": "*Silahkan Diambil Asupan Lolinya*",
	"image": "https://1.bp.blogspot.com/-hlVFOUeMrW0/X7Z65NNTBdI/AAAAAAAATd0/ynKM--VNnNE6mMqKqLoEBbRPah-6HWYMgCNcBGAsYHQ/s1350/kawaii_loli_neko_83005696_265561937751785_7243776965148233882_n.jpg"
    },
    {
	"teks": "*Silahkan Diambil Asupan Lolinya*",
	"image": "https://1.bp.blogspot.com/-sOJy2sRr1H8/X7Z65XUJADI/AAAAAAAATd8/c33xUIqpAiEOlWaERe0PRh02K5hpKiuLQCNcBGAsYHQ/s1346/kawaii_loli_neko_83124177_184535776194639_3838366667715477211_n.jpg"
    },
    {
	"teks": "*Silahkan Diambil Asupan Lolinya*",
	"image": "https://1.bp.blogspot.com/-96IyXChx0OI/X7Z65mlzWgI/AAAAAAAATeA/p6j8Eho1AMA49r-pvWf_fu3o9XUjpW_vgCNcBGAsYHQ/s993/kawaii_loli_neko_83345248_739417136587977_6260798523807673327_n.jpg"
    },
    {
	"teks": "*Silahkan Diambil Asupan Lolinya*",
	"image": "https://1.bp.blogspot.com/-ONOE7tZ4sxI/X7Z650KZETI/AAAAAAAATeE/svl6eghrSMUgSv6hoBV61zoY8bEY_awUwCNcBGAsYHQ/s1350/kawaii_loli_neko_83526694_885260211921099_4483786083733736734_n.jpg"
    },
    {
	"teks": "*Silahkan Diambil Asupan Lolinya*",
	"image": "https://1.bp.blogspot.com/-l8klCagCAME/X7Z65zEy-iI/AAAAAAAATeI/x8ZMGsR2m9oTMKZqu63kmIYv1QusfSwjQCNcBGAsYHQ/s850/kawaii_loli_neko_83563615_487172045287124_6674679727618250337_n.jpg"
    },
    {
	"teks": "*Silahkan Diambil Asupan Lolinya*",
	"image": "https://1.bp.blogspot.com/-aBNiYGcgAgQ/X7Z66BqvNDI/AAAAAAAATeM/Zl1s38mkixIrMdMS-hDDjaZrer6e90vKACNcBGAsYHQ/s1080/kawaii_loli_neko_83619735_241365173551997_709169759384192577_n.jpg"
    },
    {
	"teks": "*Silahkan Diambil Asupan Lolinya*",
	"image": "https://1.bp.blogspot.com/-Or1biXwMSsc/X7Z66TQp7qI/AAAAAAAATeU/vH-2Hrd1vTAAlo6PlRkzUdJZ5TY6HYeugCNcBGAsYHQ/s1350/kawaii_loli_neko_83621943_187753375861606_7351945412791016013_n.jpg"
    },
    {
	"teks": "*Silahkan Diambil Asupan Lolinya*",
	"image": "https://1.bp.blogspot.com/-sY-lYOEbquw/X7Z66VTUu9I/AAAAAAAATeQ/e19IP3Pkt4oQrBsETqI4bkD-HTUNcGuQwCNcBGAsYHQ/s1350/kawaii_loli_neko_83648366_2313526732080865_3128746714476688546_n.jpg"
    },
    {
	"teks": "*Silahkan Diambil Asupan Lolinya*",
	"image": "https://1.bp.blogspot.com/-Dnp4nU5peNQ/X7Z66-lEJQI/AAAAAAAATeY/j1t3h1bSneoMSLW2_ZsWrEztxMTv7qpnwCNcBGAsYHQ/s1345/kawaii_loli_neko_83677256_848532175609728_8934248186007660996_n.jpg"
    },
    {
	"teks": "*Silahkan Diambil Asupan Lolinya*",
	"image": "https://1.bp.blogspot.com/-nHZNtV4C6rI/X7Z667BKyxI/AAAAAAAATec/5T8z_h_NcZIovIkoZ5pD1GYIm2-7jA7dQCNcBGAsYHQ/s1346/kawaii_loli_neko_83705087_127083898818416_7939467533759331093_n.jpg"
    },
    {
	"teks": "*Silahkan Diambil Asupan Lolinya*",
	"image": "https://1.bp.blogspot.com/-mHNUm0_nidI/X7Z67EA5WhI/AAAAAAAATeg/S9TOls94J0cvCmQZrPhDi7azTKr4rGDEACNcBGAsYHQ/s1350/kawaii_loli_neko_83715599_670087290466064_3789919409827380479_n.jpg"
    },
    {
	"teks": "*Silahkan Diambil Asupan Lolinya*",
	"image": "https://1.bp.blogspot.com/-Zo9hwjKUHpE/X7Z67Y6oHjI/AAAAAAAATek/4G113m_R9H8h3VPd1wJ5NXrGlhStJ6lYwCNcBGAsYHQ/s1346/kawaii_loli_neko_83800068_2771564806256659_1210745697567351094_n.jpg"
    },
     {
	"teks": "*Silahkan Diambil Asupan Lolinya*",
	"image": "https://1.bp.blogspot.com/-nHZNtV4C6rI/X7Z667BKyxI/AAAAAAAATec/5T8z_h_NcZIovIkoZ5pD1GYIm2-7jA7dQCNcBGAsYHQ/s600/kawaii_loli_neko_83705087_127083898818416_7939467533759331093_n.jpg"
    },
    {
	"teks": "*Silahkan Diambil Asupan Lolinya*",
	"image": "https://1.bp.blogspot.com/-mHNUm0_nidI/X7Z67EA5WhI/AAAAAAAATeg/S9TOls94J0cvCmQZrPhDi7azTKr4rGDEACNcBGAsYHQ/s600/kawaii_loli_neko_83715599_670087290466064_3789919409827380479_n.jpg"
    },
    {
	"teks": "*Silahkan Diambil Asupan Lolinya*",
	"image": "https://1.bp.blogspot.com/-Zo9hwjKUHpE/X7Z67Y6oHjI/AAAAAAAATek/4G113m_R9H8h3VPd1wJ5NXrGlhStJ6lYwCNcBGAsYHQ/s600/kawaii_loli_neko_83800068_2771564806256659_1210745697567351094_n.jpg"
    },
    {
	"teks": "*Silahkan Diambil Asupan Lolinya*",
	"image": "https://1.bp.blogspot.com/-1UVDePoLcCs/X7Z67heHagI/AAAAAAAATeo/pKI4z--t86wavz8ZCuFiBx_Zy9OGB8t9wCNcBGAsYHQ/s600/kawaii_loli_neko_83882092_105544190907107_7253091906292433691_n.jpg"
    },
    {
	"teks": "*Silahkan Diambil Asupan Lolinya*",
	"image": "https://1.bp.blogspot.com/-je1r65JGvBQ/X7Z67v1FZ-I/AAAAAAAATes/N1hZFQw5mM4o3w3BIMA1VHg2oNPmoZTjACNcBGAsYHQ/s600/kawaii_loli_neko_83943681_888341764917598_2514871570871867931_n.jpg"
    },
    {
	"teks": "*Silahkan Diambil Asupan Lolinya*",
	"image": "https://1.bp.blogspot.com/-RZGMTwXoz-c/X7Z68Goe0uI/AAAAAAAATew/jrSEUR7pKAwX9KMvFx79bOhA0IpnKDgIACNcBGAsYHQ/s600/kawaii_loli_neko_84028812_2551134298443414_4870031103661950767_n.jpg"
    },
     {
	"teks": "*Silahkan Diambil Asupan Lolinya*",
	"image": "https://1.bp.blogspot.com/-UUerDIX1V2o/X7Z68XXDHuI/AAAAAAAATe4/DdAkHWEKyZIGtXUfNUX31d6e_d_75aQDwCNcBGAsYHQ/s600/kawaii_loli_neko_84143558_535604460406544_7570444792649388492_n.jpg"
    },
    {
	"teks": "*Silahkan Diambil Asupan Lolinya*",
	"image": "https://1.bp.blogspot.com/-mLumARtGjn8/X7Z68SPikTI/AAAAAAAATe0/CrnhVVVb-AMJkR970vQVRM20UafM8wyGQCNcBGAsYHQ/s600/kawaii_loli_neko_84155552_776877576155365_6956675285282146711_n.jpg"
    },
    {
	"teks": "*Silahkan Diambil Asupan Lolinya*",
	"image": "https://1.bp.blogspot.com/-rTIrzWJb-3U/X7Z68jpCMPI/AAAAAAAATe8/WlHiRS6wdb0lKPFzX7pE11JuE8GxAKxwACNcBGAsYHQ/s600/kawaii_loli_neko_84246354_2769207649866231_2968483789883171392_n.jpg"
    },
    {
	"teks": "*Silahkan Diambil Asupan Lolinya*",
	"image": "https://1.bp.blogspot.com/-MlCouT2POuU/X7Z69BgtaWI/AAAAAAAATfA/NPekH7O0hKQ6MtcSaP2DR2ju1KcZgWG6QCNcBGAsYHQ/s600/kawaii_loli_neko_84272502_217512846091278_6563957009756538831_n.jpg"
    },
    {
	"teks": "*Silahkan Diambil Asupan Lolinya*",
	"image": "https://1.bp.blogspot.com/-MZIGNjd60s8/X7Z69e-UzHI/AAAAAAAATfI/UqcCeIc9vdk1HwHAkiztBwJWP6lQvGKSgCNcBGAsYHQ/s600/kawaii_loli_neko_84300093_189757525574227_610818886098709721_n.jpg"
    },
    {
	"teks": "*Silahkan Diambil Asupan Lolinya*",
	"image": "https://1.bp.blogspot.com/-MZIGNjd60s8/X7Z69e-UzHI/AAAAAAAATfI/UqcCeIc9vdk1HwHAkiztBwJWP6lQvGKSgCNcBGAsYHQ/s600/kawaii_loli_neko_84300093_189757525574227_610818886098709721_n.jpg"
    },
     {
	"teks": "*Silahkan Diambil Asupan Lolinya*",
	"image": "https://1.bp.blogspot.com/-ndN6buW_z_4/X7Z69UwFdyI/AAAAAAAATfE/6UjyFw11_NEGu6FbmZ8TzCs0cWWNs3TOQCNcBGAsYHQ/s600/kawaii_loli_neko_84329859_859448704514133_4398535024182444276_n.jpg"
    },
    {
	"teks": "*Silahkan Diambil Asupan Lolinya*",
	"image": "https://1.bp.blogspot.com/-1Fsbhe-MTvY/X7Z69rhquII/AAAAAAAATfM/HCK2thnw0QQNUB-UCVF61_31uT1OP0-oQCNcBGAsYHQ/s600/kawaii_loli_neko_84332825_1763116930492230_5509028732242763686_n.jpg"
    },
    {
	"teks": "*Silahkan Diambil Asupan Lolinya*",
	"image": "https://1.bp.blogspot.com/-21AidM9eDyA/X7Z696sjOKI/AAAAAAAATfQ/DYAxBN_uzBs6p0KC8LrKqLUCPhCEXhOAwCNcBGAsYHQ/s600/kawaii_loli_neko_84338927_131098368409700_6198401574174958554_n.jpg"
    },
    {
	"teks": "*Silahkan Diambil Asupan Lolinya*",
	"image": "https://1.bp.blogspot.com/-h8SLnjskNWU/X7Z6-u3opMI/AAAAAAAATfc/NadODlYGk5gbn_r9Y4gn0m3sj4B1VnkzgCNcBGAsYHQ/s600/kawaii_loli_neko_84346898_127344118806087_8330025976885211583_n.jpg"
    },
    {
	"teks": "*Silahkan Diambil Asupan Lolinya*",
	"image": "https://1.bp.blogspot.com/-bFrx1QoD4iM/X7Z6-U1kD0I/AAAAAAAATfU/zTwgHme5fTMJT7IMX27aFQr48r4gA15nACNcBGAsYHQ/s600/kawaii_loli_neko_84350682_681344245968917_7646086645934165572_n.jpg"
    },
    {
	"teks": "*Silahkan Diambil Asupan Lolinya*",
	"image": "https://1.bp.blogspot.com/-FJozhM5f-J4/X7Z6-ZcNN9I/AAAAAAAATfY/9uFUOAFySgomA9T15uSQvEReEmOwRhOOQCNcBGAsYHQ/s600/kawaii_loli_neko_84434530_173006010669648_4367418673886437280_n.jpg"
    },
     {
	"teks": "*Silahkan Diambil Asupan Lolinya*",
	"image": "https://1.bp.blogspot.com/-vIR4oVnRpEM/X7Z6-5lW-bI/AAAAAAAATfk/eg7y-0Gwbekv3HImnQ4awPrPuRmXSSG1wCNcBGAsYHQ/s600/kawaii_loli_neko_84632463_588587295024639_6652208975889361089_n.jpg"
    },
    {
	"teks": "*Silahkan Diambil Asupan Lolinya*",
	"image": "https://1.bp.blogspot.com/-BZfxv_zMR3o/X7Z6_D_gJFI/AAAAAAAATfo/VDS07BzFswEggBuYGRjh_gD9cZip-F8YQCNcBGAsYHQ/s600/kawaii_loli_neko_84825479_135974057713823_4036463328998554535_n.jpg"
    },
    {
	"teks": "*Silahkan Diambil Asupan Lolinya*",
	"image": "https://1.bp.blogspot.com/-3d9ZpxPFzzY/X7Z6_bvIWZI/AAAAAAAATfs/01TH2DPO5qUted-6NOQrY-jISt8iPRLbACNcBGAsYHQ/s600/kawaii_loli_neko_84891553_2538459749621305_8452926220849503867_n.jpg"
    },
    {
	"teks": "*Silahkan Diambil Asupan Lolinya*",
	"image": "https://1.bp.blogspot.com/-xzGqJdXnd7I/X7Z6_RReXWI/AAAAAAAATfw/t1C6hM2QIFA60GrvjTkpoOcp4nyN0huSwCNcBGAsYHQ/s600/kawaii_loli_neko_85239319_1318851208319405_4732566130942584051_n.jpg"
    },
    {
	"teks": "*Silahkan Diambil Asupan Lolinya*",
	"image": "https://1.bp.blogspot.com/-9_neu6gLoSM/X7Z6_vktnHI/AAAAAAAATf0/bNT_XE4Q-EMIk0gLzmcE2iu2QfU5c3sfgCNcBGAsYHQ/s600/kawaii_loli_neko_87303595_249761049346940_5279212379732070660_n.jpg"
    },
    {
	"teks": "*Silahkan Diambil Asupan Lolinya*",
	"image": "https://1.bp.blogspot.com/-Qy2IHvVJsxY/X7Z6_52GZOI/AAAAAAAATf4/Tv0qqKX8osAkfgOdEK6d14U7N9foHRNRACNcBGAsYHQ/s600/kawaii_loli_neko_87318651_205554520525143_8206940287881499678_n.jpg"
    },
     {
	"teks": "*Silahkan Diambil Asupan Lolinya*",
	"image": "https://1.bp.blogspot.com/-hHECdJqMH-g/X7Z6_1kHmFI/AAAAAAAATf8/9HcuQmdmdKckQDIIU9WGtxwWz2Eg0vwIQCNcBGAsYHQ/s600/kawaii_loli_neko_87343593_205104970592720_1707133304451863758_n.jpg"
    },
    {
	"teks": "*Silahkan Diambil Asupan Lolinya*",
	"image": "https://1.bp.blogspot.com/-HGY-E8r6GiQ/X7Z7AawMtVI/AAAAAAAATgE/BQp8kV82dFsA64iqtAOGafb_Gys6fPm0gCNcBGAsYHQ/s600/kawaii_loli_neko_87414119_600296324154553_5051085595012097278_n.jpg"
    },
    {
	"teks": "*Silahkan Diambil Asupan Lolinya*",
	"image": "https://1.bp.blogspot.com/-sLdXN0_z0uE/X7Z7ASeu-FI/AAAAAAAATgA/8IQSed9rA9EPdLh01779wWBPuDeFSOhqwCNcBGAsYHQ/s600/kawaii_loli_neko_87677704_216666586054562_7961801696154519516_n.jpg"
    },
    {
	"teks": "*Silahkan Diambil Asupan Lolinya*",
	"image": "https://1.bp.blogspot.com/-SUwt5cCplV8/X7Z7A0VgulI/AAAAAAAATgM/4dk0GHiZz8sO7_4JHxazTIzOPGnLwIYhwCNcBGAsYHQ/s600/kawaii_loli_neko_88135692_1051946668525739_6543437697337075059_n.jpg"
    },
    {
	"teks": "*Silahkan Diambil Asupan Lolinya*",
	"image": "https://1.bp.blogspot.com/-RqwQIB4H5pA/X7Z7BD4NgQI/AAAAAAAATgU/Hatq9XaizSQXTmkVvtr4el2xmhBjR4ohQCNcBGAsYHQ/s600/kawaii_loli_neko_88149475_641519536647327_5846546001285321915_n.jpg"
    },
    {
	"teks": "*Silahkan Diambil Asupan Lolinya*",
	"image": "https://1.bp.blogspot.com/-RqwQIB4H5pA/X7Z7BD4NgQI/AAAAAAAATgU/Hatq9XaizSQXTmkVvtr4el2xmhBjR4ohQCNcBGAsYHQ/s600/kawaii_loli_neko_88149475_641519536647327_5846546001285321915_n.jpg"
    },
     {
	"teks": "*Silahkan Diambil Asupan Lolinya*",
	"image": "https://1.bp.blogspot.com/-YYsL_Icjc1k/X7Z7BKOlblI/AAAAAAAATgQ/UrSS5tBsQgIi6R_x67lsX9gnoTxdieH6wCNcBGAsYHQ/s600/kawaii_loli_neko_88169162_219815129064907_4091000579526263141_n.jpg"
    },
    {
	"teks": "*Silahkan Diambil Asupan Lolinya*",
	"image": "https://1.bp.blogspot.com/-CpB29pXewxQ/X7Z7BZCDwMI/AAAAAAAATgY/QwObn02_psIWFoSfsoBEEj1yD7fZiB-nwCNcBGAsYHQ/s600/kawaii_loli_neko_88200719_211649110219702_3430992009918320898_n.jpg"
    },
    {
	"teks": "*Silahkan Diambil Asupan Lolinya*",
	"image": "https://1.bp.blogspot.com/-yyk-LCRb_2g/X7Z7BwK_A8I/AAAAAAAATgc/6QKqhYjySKwyhC1gDslUly7S1onKrSfZwCNcBGAsYHQ/s600/kawaii_loli_neko_88213041_1075395499495341_6016322030060424860_n.jpg"
    },
    {
	"teks": "*Silahkan Diambil Asupan Lolinya*",
	"image": "https://1.bp.blogspot.com/-JIHHkrgMPto/X7Z7B0JSVXI/AAAAAAAATgg/qn-rwEAO8tw4xZdwgWqdLiVWXi507Hs-ACNcBGAsYHQ/s600/kawaii_loli_neko_88230712_180936096684589_8761723633041215112_n.jpg"
    },
    {
	"teks": "*Silahkan Diambil Asupan Lolinya*",
	"image": "https://1.bp.blogspot.com/-dRSwkSlVKK4/X7Z7CCKAUNI/AAAAAAAATgk/EZe75QPYejEyl09fmSR66uqtX0oCrcocQCNcBGAsYHQ/s600/kawaii_loli_neko_88257524_3086071471427515_2635394372717742357_n.jpg"
    },
    {
	"teks": "*Silahkan Diambil Asupan Lolinya*",
	"image": "https://1.bp.blogspot.com/-VYxgNOADsFQ/X7Z7CbTx2rI/AAAAAAAATgs/BR0-nlDzJ1Abjjjb63vWBxSBSmqT98HJACNcBGAsYHQ/s600/kawaii_loli_neko_88321183_616444462089959_7019234693508163046_n.jpg"
    },
     {
	"teks": "*Silahkan Diambil Asupan Lolinya*",
	"image": "https://1.bp.blogspot.com/-ZrHmt5b2E7M/X7Z7CTZZ-XI/AAAAAAAATgo/HRaoWbfur2ouKE3SVMSiBZ-P7SubaKrqwCNcBGAsYHQ/s600/kawaii_loli_neko_88409925_103358954560812_613966973647364837_n.jpg"
    },
    {
	"teks": "*Silahkan Diambil Asupan Lolinya*",
	"image": "https://1.bp.blogspot.com/-gEqDoUUcwMM/X7Z7CqI36cI/AAAAAAAATgw/eSAZv5TeMxknY6fOC37HPosAGDUhmSAMwCNcBGAsYHQ/s600/kawaii_loli_neko_88471506_132228451666770_1734225541508373178_n.jpg"
    },
    {
	"teks": "*Silahkan Diambil Asupan Lolinya*",
	"image": "https://1.bp.blogspot.com/-wefNdhunZz4/X7Z7C0p1OFI/AAAAAAAATg0/9i388cIZ9XwRlK7oSxnowk00wMK09bL_QCNcBGAsYHQ/s600/kawaii_loli_neko_88763521_887355168385920_4265141867064464107_n.jpg"
    },
    {
	"teks": "*Silahkan Diambil Asupan Lolinya*",
	"image": "https://1.bp.blogspot.com/-v2L3Ojg44G8/X7Z7DfCNV-I/AAAAAAAATg8/AXJZia8qKKoqXJIYm_BkBwWLGOHBHqZiACNcBGAsYHQ/s600/kawaii_loli_neko_88986082_198825101422886_8362755637924274613_n.jpg"
    },
    {
	"teks": "*Silahkan Diambil Asupan Lolinya*",
	"image": "https://1.bp.blogspot.com/-w4T0QBPHIcE/X7Z7DFpYKNI/AAAAAAAATg4/i2CuSnqROWIaEd6QNrZY-Icg_9rniXS1gCNcBGAsYHQ/s600/kawaii_loli_neko_89049681_1137289466609348_1195208875293100520_n.jpg"
    },
    {
	"teks": "*Silahkan Diambil Asupan Lolinya*",
	"image": "https://1.bp.blogspot.com/-cdgiPm5_6Ag/X7Z7DpEAMTI/AAAAAAAAThA/RKVS8UnnVl4vV6HnA6PUsynkwLhwZPqYwCNcBGAsYHQ/s600/kawaii_loli_neko_89053838_2307128946258778_7195395600304356104_n.jpg"
    },
     {
	"teks": "*Silahkan Diambil Asupan Lolinya*",
	"image": "https://1.bp.blogspot.com/-fxomusPnS_g/X7Z7Do-F8sI/AAAAAAAAThE/Dsf64TPq66Mbb4vm4e-IRlm1D7d4rfltgCNcBGAsYHQ/s600/kawaii_loli_neko_89090679_137440267806404_1853973781472289227_n.jpg"
    },
    {
	"teks": "*Silahkan Diambil Asupan Lolinya*",
	"image": "https://1.bp.blogspot.com/-FjtOlKYt5zY/X7Z7DzZudtI/AAAAAAAAThI/o9iPduFc84wK0Ex0gBIZZbXJH99nzLPigCNcBGAsYHQ/s600/kawaii_loli_neko_89320845_193465118586162_2684679408166230810_n.jpg"
    },
    {
	"teks": "*Silahkan Diambil Asupan Lolinya*",
	"image": "https://1.bp.blogspot.com/-Nwm11NsVAdw/X7Z7ELUDWxI/AAAAAAAAThM/iHEKAbEu7UguvCaieODZG9Aw43x9vtcIACNcBGAsYHQ/s600/kawaii_loli_neko_89358301_208757053666421_3821222759421645064_n.jpg"
    },
    {
	"teks": "*Silahkan Diambil Asupan Lolinya*",
	"image": "https://1.bp.blogspot.com/-mbpmmP7GDxE/X7Z7E_UkUAI/AAAAAAAAThQ/2v8eWar7v3cSIMQokDw_4DHwZNF_enzFACNcBGAsYHQ/s600/kawaii_loli_neko_89448158_1058353891215521_1647823873910930061_n.jpg"
    },
    {
	"teks": "*Silahkan Diambil Asupan Lolinya*",
	"image": "https://1.bp.blogspot.com/-IabQYktY9bk/X7Z7FfgMtqI/AAAAAAAAThU/SasAEgwnMFUjB8vcxxF1nQZ03PBUBhMaQCNcBGAsYHQ/s600/kawaii_loli_neko_89605574_222580355559088_1258654423898343189_n.jpg"
    },
    {
	"teks": "*Silahkan Diambil Asupan Lolinya*",
	"image": "https://1.bp.blogspot.com/-8S3WVbHPblE/X7Z7Fz0qOVI/AAAAAAAAThY/wTsJ8Cv-WjAI3zfthxRKXQOvkMGtEfc1wCNcBGAsYHQ/s600/kawaii_loli_neko_89713927_494544004550769_5162110771128065348_n.jpg"
    },
     {
	"teks": "*Silahkan Diambil Asupan Lolinya*",
	"image": "https://1.bp.blogspot.com/-ViLoNlX_JpA/X7Z7GcBILrI/AAAAAAAAThc/TnOYT3qEFkk9DaOceLjZtgA7f6A_ACstQCNcBGAsYHQ/s600/kawaii_loli_neko_89747512_245552013116441_3361294713555746253_n.jpg"
    },
    {
	"teks": "*Silahkan Diambil Asupan Lolinya*",
	"image": "https://1.bp.blogspot.com/-KFIyHDpODOU/X7Z7G134FnI/AAAAAAAAThg/LGwkiWuUPNYDz54G8C6UZ2YiinBDCv-ngCNcBGAsYHQ/s600/kawaii_loli_neko_89749964_2553708361551822_6399810216119365620_n.jpg"
    },
    {
	"teks": "*Silahkan Diambil Asupan Lolinya*",
	"image": "https://1.bp.blogspot.com/-jPjHRTmro_Q/X7Z7H6hKrFI/AAAAAAAATho/33jqnwXoNGgCbk72pBHvqHzaZ1w92EPrgCNcBGAsYHQ/s600/kawaii_loli_neko_90031307_581820395751891_5948104489816086761_n.jpg"
    },
    {
	"teks": "*Silahkan Diambil Asupan Lolinya*",
	"image": "https://1.bp.blogspot.com/-RibtOV9COjg/X7Z7IYG4amI/AAAAAAAAThs/Hsv3W7-XnkQRQOMn7jAfwQmgSaqFAF3DwCNcBGAsYHQ/s600/kawaii_loli_neko_90086851_780167739144969_5792684821955783289_n.jpg"
    },
    {
	"teks": "*Silahkan Diambil Asupan Lolinya*",
	"image": "https://1.bp.blogspot.com/-Az6najfAM04/X7Z7I5b2gNI/AAAAAAAAThw/xyTYZM606B4Ct-HG5xarGo_8LE5791SaQCNcBGAsYHQ/s600/kawaii_loli_neko_90089517_147808313360938_2999478266651184648_n.jpg"
    },
    {
	"teks": "*Silahkan Diambil Asupan Lolinya*",
	"image": "https://1.bp.blogspot.com/-NI9NjpNOVx4/X7Z7JElEHXI/AAAAAAAATh4/Pc179oAtmvka11huHzsR4lCsMqSqqb02ACNcBGAsYHQ/s600/kawaii_loli_neko_90089853_3669782359761285_1219877983106832471_n.jpg"
    },
     {
	"teks": "*Silahkan Diambil Asupan Lolinya*",
	"image": "https://1.bp.blogspot.com/-TVkYzen4BMw/X7Z7JE1PeyI/AAAAAAAATh0/znyzrWnaxu8S5j3UFRQ4uvrFEWpWANt7ACNcBGAsYHQ/s600/kawaii_loli_neko_90089978_3213232358706873_7178860804167600069_n.jpg"
    },
    {
	"teks": "*Silahkan Diambil Asupan Lolinya*",
	"image": "https://1.bp.blogspot.com/-E5d8kGuWhUk/X7Z7JcXrdBI/AAAAAAAATh8/LEuq-I4z6K0goPLVQdymdcUhKfxALMMKgCNcBGAsYHQ/s600/kawaii_loli_neko_90090953_520155361917536_5916428706066859652_n.jpg"
    },
    {
	"teks": "*Silahkan Diambil Asupan Lolinya*",
	"image": "https://1.bp.blogspot.com/-rhRZwLr9OWw/X7Z7JkqVoQI/AAAAAAAATiE/_EAO0NPah8gSJkkiI3axZ2tFJ8uQTjv_gCNcBGAsYHQ/s600/kawaii_loli_neko_90303293_565015724108267_3950725090717429326_n.jpg"
    },
    {
	"teks": "*Silahkan Diambil Asupan Lolinya*",
	"image": "https://1.bp.blogspot.com/-DevXcPWveTE/X7Z7JqUqsGI/AAAAAAAATiA/OZefnMx9Ly4klN0wiGPi7WaCQCluvDQgACNcBGAsYHQ/s600/kawaii_loli_neko_90325452_648948585678698_9021805332248030676_n.jpg"
    },
    {
	"teks": "*Silahkan Diambil Asupan Lolinya*",
	"image": "https://1.bp.blogspot.com/-_1Hg0PeVisg/X7Z7JwJQeJI/AAAAAAAATiI/tGHm7A02G1c6f_3Phel2seIcm7SuHKQPgCNcBGAsYHQ/s600/kawaii_loli_neko_90351662_670591740419459_7026662456153439026_n.jpg"
    },
    {
	"teks": "*Silahkan Diambil Asupan Lolinya*",
	"image": "https://1.bp.blogspot.com/-clLGhlV4foM/X7Z7KMF0V-I/AAAAAAAATiM/tfwnj3m4ROApwh21jEgZtzzoqgcG7rZDQCNcBGAsYHQ/s600/kawaii_loli_neko_90354822_218551106166907_4004242665192434783_n.jpg"
    },
     {
	"teks": "*Silahkan Diambil Asupan Lolinya*",
	"image": "https://1.bp.blogspot.com/-6wF13w_TDBo/X7Z7KPWKhSI/AAAAAAAATiQ/8RZCLjf5BbMyqaJOd9hTcYiSUI6jiGNUACNcBGAsYHQ/s600/kawaii_loli_neko_90418300_2575019779452523_4775072533690686350_n.jpg"
    },
    {
	"teks": "*Silahkan Diambil Asupan Lolinya*",
	"image": "https://1.bp.blogspot.com/-fkFOA1R8TcQ/X7Z7KR50YMI/AAAAAAAATiU/DMg3MXIlq_08LO_sXKX7zW-l5zf3Sb4_QCNcBGAsYHQ/s600/kawaii_loli_neko_90428596_645453412959530_7728596039708701810_n.jpg"
    },
    {
	"teks": "*Silahkan Diambil Asupan Lolinya*",
	"image": "https://1.bp.blogspot.com/-7RYpOo5dNaY/X7Z7K8DY_MI/AAAAAAAATiY/Z2sm0r0oyh04WW2QzWqWkMApRfvbejA9ACNcBGAsYHQ/s600/kawaii_loli_neko_90484296_2728072800574443_7692164760156933959_n.jpg"
    },
    {
	"teks": "*Silahkan Diambil Asupan Lolinya*",
	"image": "https://1.bp.blogspot.com/-hjeOjqLT3W0/X7Z7LBqDEyI/AAAAAAAATic/ISSfbZs8bskTwg-ArZOWlk0Mfjjn0_dJgCNcBGAsYHQ/s600/kawaii_loli_neko_90719879_880879762380193_7415687529099763917_n.jpg"
    },
    {
	"teks": "*Silahkan Diambil Asupan Lolinya*",
	"image": "https://1.bp.blogspot.com/-hE6FmPW5JI8/X7Z7LUKMHrI/AAAAAAAATig/4CRsrIOksIUaR53EYeeasy3je7jqJm4dACNcBGAsYHQ/s600/kawaii_loli_neko_90962731_195522571900831_2284360810644674915_n.jpg"
    },
    {
	"teks": "*Silahkan Diambil Asupan Lolinya*",
	"image": "https://1.bp.blogspot.com/-8_2fG_XoCSo/X7Z7LbVdo6I/AAAAAAAATik/MkS1wK0TuDYdiyTkRRK61PCZtYdtcYxWACNcBGAsYHQ/s600/kawaii_loli_neko_90985464_687980348669831_4215947119837333465_n.jpg"
    },
     {
	"teks": "*Silahkan Diambil Asupan Lolinya*",
	"image": "https://1.bp.blogspot.com/-nLaEgYhfk6I/X7Z7Lk-3s0I/AAAAAAAATio/za1LtlrdZXsSaJmhLzaJPckhwia86j0CwCNcBGAsYHQ/s600/kawaii_loli_neko_91232563_2826305850983635_5850428073321991401_n.jpg"
    },
    {
	"teks": "*Silahkan Diambil Asupan Lolinya*",
	"image": "https://1.bp.blogspot.com/-nLaEgYhfk6I/X7Z7Lk-3s0I/AAAAAAAATio/za1LtlrdZXsSaJmhLzaJPckhwia86j0CwCNcBGAsYHQ/s600/kawaii_loli_neko_91232563_2826305850983635_5850428073321991401_n.jpg"
    },
    {
	"teks": "*Silahkan Diambil Asupan Lolinya*",
	"image": "https://1.bp.blogspot.com/-NKq2VwV2fhE/X7Z7L-Ee5DI/AAAAAAAATis/k-UYqiODhKwhOerfrbF9bssE1dPY9trPQCNcBGAsYHQ/s600/kawaii_loli_neko_91256285_638110113646812_5746875039646444316_n.jpg"
    },
    {
	"teks": "*Silahkan Diambil Asupan Lolinya*",
	"image": "https://1.bp.blogspot.com/-EU01lLJl7M4/X7Z7MDqRSFI/AAAAAAAATiw/aJmlEo-FJtYhbIFNqOgSaKNv3WJtOR1swCNcBGAsYHQ/s600/kawaii_loli_neko_91273984_665637997580101_4637900382679455213_n.jpg"
    },
    {
	"teks": "*Silahkan Diambil Asupan Lolinya*",
	"image": "https://1.bp.blogspot.com/-zkRYUexfm_Q/X7Z7MDIyn7I/AAAAAAAATi0/etLiisqUGCw69McrE3uUeKwig0ROMylYQCNcBGAsYHQ/s600/kawaii_loli_neko_91503343_566755294194989_3428451297197436408_n.jpg"
    },
    {
	"teks": "*Silahkan Diambil Asupan Lolinya*",
	"image": "https://1.bp.blogspot.com/-o7Z3hLBzQVs/X7Z7MmRlluI/AAAAAAAATi4/mtEtK-rEAvMK1St1uq13tXgHQ_4XsA4HwCNcBGAsYHQ/s600/kawaii_loli_neko_91546519_688999595238937_426732723500037952_n.jpg"
    },
     {
	"teks": "*Silahkan Diambil Asupan Lolinya*",
	"image": "https://1.bp.blogspot.com/-zkRYUexfm_Q/X7Z7MDIyn7I/AAAAAAAATi0/etLiisqUGCw69McrE3uUeKwig0ROMylYQCNcBGAsYHQ/s600/kawaii_loli_neko_91503343_566755294194989_3428451297197436408_n.jpg"
    },
    {
	"teks": "*Silahkan Diambil Asupan Lolinya*",
	"image": "https://1.bp.blogspot.com/-Ge_lfOmiPqs/X7Z7MkJNXII/AAAAAAAATjA/LpaySKwHlG0WJjCv08ZX1_zDP8ZwwN62wCNcBGAsYHQ/s600/kawaii_loli_neko_91577914_1521628041331347_1654803303411845450_n.jpg"
    },
    {
	"teks": "*Silahkan Diambil Asupan Lolinya*",
	"image": "https://1.bp.blogspot.com/-ze9zGvMV4bU/X7Z7MvzKbbI/AAAAAAAATi8/5KhS5EaXBuQWnboYPGhHE8ciWBrjasD0gCNcBGAsYHQ/s600/kawaii_loli_neko_91710684_3138718556148059_7755153419853895782_n.jpg"
    },
    {
	"teks": "*Silahkan Diambil Asupan Lolinya*",
	"image": "https://1.bp.blogspot.com/-_QO3RtH68Ok/X7Z7NEN9T1I/AAAAAAAATjI/Piu1y_sLsF8mit3NGJ-VpEreqjn4-1wiwCNcBGAsYHQ/s600/kawaii_loli_neko_91910812_1193439714382672_776046441581156049_n.jpg"
    },
    {
	"teks": "*Silahkan Diambil Asupan Lolinya*",
	"image": "https://1.bp.blogspot.com/-lhSGr81wpNQ/X7Z7NXYPl8I/AAAAAAAATjQ/OPjhj3MPaTk_7iPp8CFzq59sPBraP2ZWACNcBGAsYHQ/s600/kawaii_loli_neko_91997836_885465081970603_1921653113874299659_n.jpg"
    },
    {
	"teks": "*Silahkan Diambil Asupan Lolinya*",
	"image": "https://1.bp.blogspot.com/-NJlFJxMdqaw/X7Z7N3wr9oI/AAAAAAAATjY/BFA0TSBLV8MdL2_sYQJhhYTAxG2LKEKYwCNcBGAsYHQ/s600/kawaii_loli_neko_92349284_546342849389569_7655887000124932389_n.jpg"
    },
     {
	"teks": "*Silahkan Diambil Asupan Lolinya*",
	"image": "https://1.bp.blogspot.com/-Ueh7ggeTZDM/X7Z7NgZRTPI/AAAAAAAATjU/WjjXKyOM_HoyJBwrIrR6arD3FEFkkl9bACNcBGAsYHQ/s600/kawaii_loli_neko_92357934_776878002836879_4075586253773734580_n.jpg"
    },
    {
	"teks": "*Silahkan Diambil Asupan Lolinya*",
	"image": "https://1.bp.blogspot.com/-lgUQ7MKETgY/X7Z7N5kp-6I/AAAAAAAATjc/c7y3UEgFfUIu6FkJ_aEracFm4rC91yZ9QCNcBGAsYHQ/s600/kawaii_loli_neko_92435652_2640168899548181_3023283959278793618_n.jpg"
    },
    {
	"teks": "*Silahkan Diambil Asupan Lolinya*",
	"image": "https://1.bp.blogspot.com/-2fIHZ9hsqNM/X7Z7OVQ_ztI/AAAAAAAATjg/u3Urb_336tguoz6W_thc7kDzJUiajqUwQCNcBGAsYHQ/s600/kawaii_loli_neko_92607733_219045226037012_7595689277408622173_n.jpg"
    },
    {
	"teks": "*Silahkan Diambil Asupan Lolinya*",
	"image": "https://1.bp.blogspot.com/-ebdn6-ASY3c/X7Z7OgtiEZI/AAAAAAAATjk/tNzwUvliP8IUBqxW61PoPo8Xf-v2sgBnwCNcBGAsYHQ/s600/kawaii_loli_neko_92851453_134789328109660_4575854384658157597_n.jpg"
    },
    {
	"teks": "*Silahkan Diambil Asupan Lolinya*",
	"image": "https://1.bp.blogspot.com/-vEnvKgXBZ50/X7Z7OyD5GUI/AAAAAAAATjo/b1GZk40XThAfi_InUF68uw8P_8NNJgINgCNcBGAsYHQ/s600/kawaii_loli_neko_92914146_2794138584049296_5735368612063093539_n.jpg"
    },
    {
	"teks": "*Silahkan Diambil Asupan Lolinya*",
	"image": "https://1.bp.blogspot.com/-ueVoXN0jRvI/X7Z7O3d19KI/AAAAAAAATjs/lFY068aHpmEV4_T_ZA6HJNG63qIuYMGywCNcBGAsYHQ/s600/kawaii_loli_neko_92948621_221042612642738_6605697505333023261_n.jpg"
    },
     {
	"teks": "*Silahkan Diambil Asupan Lolinya*",
	"image": "https://1.bp.blogspot.com/-JZ-f_yHeVJ4/X7Z7PHQoaYI/AAAAAAAATjw/OeSD1_1a9oMwfxSem5nrxmpoObpBMzpPgCNcBGAsYHQ/s600/kawaii_loli_neko_93018194_529507511064447_7908377008186924992_n.jpg"
    },
    {
	"teks": "*Silahkan Diambil Asupan Lolinya*",
	"image": "https://1.bp.blogspot.com/-x2AYdgByMPs/X7Z7PYvFfFI/AAAAAAAATj0/XRPJqACZaUoSkojlxolIhUY7ZrLLf8ZswCNcBGAsYHQ/s600/kawaii_loli_neko_93029886_221966778897034_6455457888903249461_n.jpg"
    },
    {
	"teks": "*Silahkan Diambil Asupan Lolinya*",
	"image": "https://1.bp.blogspot.com/-NVruWhaALdE/X7Z7PmiJSSI/AAAAAAAATj4/QOJuuPops9MhkmK1hiBNuyjqJP-4IrjpACNcBGAsYHQ/s600/kawaii_loli_neko_93189892_273800466975167_8796689196439374832_n.jpg"
    },
    {
	"teks": "*Silahkan Diambil Asupan Lolinya*",
	"image": "https://1.bp.blogspot.com/-0IqbVsLJ6yo/X7Z7Pv86PUI/AAAAAAAATj8/scYhSYdbKvcBju_EudC9IbSpxSwRTPg1ACNcBGAsYHQ/s600/kawaii_loli_neko_93397378_293435291639098_5492707967604410475_n.jpg"
    },
    {
	"teks": "*Silahkan Diambil Asupan Lolinya*",
	"image": "https://1.bp.blogspot.com/-DKtL3WRbQv0/X7Z7QPZPLFI/AAAAAAAATkA/tK_ISRomZNAEemRHTfZ6o9BYgqpElfPpwCNcBGAsYHQ/s600/kawaii_loli_neko_93412081_713670632708110_5270590775953575886_n.jpg"
    },
    {
	"teks": "*Silahkan Diambil Asupan Lolinya*",
	"image": "https://1.bp.blogspot.com/-F6eIZldJKGc/X7Z7QXkr-LI/AAAAAAAATkE/sI9kk_-PzAEmq7ewnMRTPn32pHmL2UJ0wCNcBGAsYHQ/s600/kawaii_loli_neko_93660018_3945484138796888_5705274206468592070_n.jpg"
    }
   
    

]