[
	 {
	"teks": "Fant Arts",
	"image": "https://images2.alphacoders.com/682/thumb-350-682156.jpg"
    },
     {
	"teks": "Fant Arts",
	"image": "https://images5.alphacoders.com/673/thumb-350-673525.jpg"
    },
     {
	"teks": "Fant Arts",
	"image": "https://images2.alphacoders.com/677/thumb-350-677670.jpg"
    },
     {
	"teks": "Fant Arts",
	"image": "https://images5.alphacoders.com/515/thumb-350-515678.jpg"
    },
    
	 {
	"teks": "Fant Arts",
	"image": "https://images3.alphacoders.com/680/thumb-350-680776.png"
    },
     {
	"teks": "Fant Arts",
	"image": "https://images2.alphacoders.com/678/thumb-350-678388.jpg"
    },
     {
	"teks": "Fant Arts",
	"image": "https://images6.alphacoders.com/676/thumb-350-676598.jpg"
    },
     {
	"teks": "Fant Arts",
	"image": "https://images7.alphacoders.com/677/thumb-350-677447.jpg"
    },
     {
	"teks": "Fant Arts",
	"image": "https://images5.alphacoders.com/677/thumb-350-677406.jpg"
    },
    
	 {
	"teks": "Fant Arts",
	"image": "https://images6.alphacoders.com/678/thumb-350-678719.jpg"
    },
     {
	"teks": "Fant Arts",
	"image": "https://images6.alphacoders.com/678/thumb-350-678719.jpg"
    },
     {
	"teks": "Fant Arts",
	"image": "https://images6.alphacoders.com/652/thumb-350-652694.jpg"
    },
     {
	"teks": "Fant Arts",
	"image": "https://images7.alphacoders.com/676/thumb-350-676201.png"
    },
     {
	"teks": "Fant Arts",
	"image": "https://images.alphacoders.com/118/thumb-350-118303.jpg"
    },
    
	 {
	"teks": "Fant Arts",
	"image": "https://images3.alphacoders.com/110/thumb-350-1104167.png"
    },
	 {
	"teks": "Fant Arts",
	"image": "https://images2.alphacoders.com/748/thumb-350-748148.png"
    },
     {
	"teks": "Fant Arts",
	"image": "https://images2.alphacoders.com/748/thumb-350-748148.png"
    },
     {
	"teks": "Fant Arts",
	"image": "https://c4.wallpaperflare.com/wallpaper/417/291/813/anime-girls-tokyo-ghoul-tokyo-ghoul-re-kirishima-touka-wallpaper-preview.jpg"
    },
     {
	"teks": "Fant Arts",
	"image": "https://c4.wallpaperflare.com/wallpaper/227/583/604/anime-anime-girls-digital-art-artwork-2d-hd-wallpaper-preview.jpg"
    },

	 {
	"teks": "Fant Arts",
	"image": "https://c4.wallpaperflare.com/wallpaper/843/347/678/fate-series-fate-stay-night-anime-girls-saber-wallpaper-preview.jpg"
    },
     {
	"teks": "Fant Arts",
	"image": "https://c4.wallpaperflare.com/wallpaper/141/485/316/kamado-nezuko-kimetsu-no-yaiba-manga-anime-anime-girls-hd-wallpaper-preview.jpg"
    },
     {
	"teks": "Fant Arts",
	"image": "https://c4.wallpaperflare.com/wallpaper/239/52/978/kimetsu-no-yaiba-anime-anime-girls-kochou-shinobu-hd-wallpaper-preview.jpg"
    },
     {
	"teks": "Fant Arts",
	"image": "https://c4.wallpaperflare.com/wallpaper/85/445/256/amagi-brilliant-park-anime-girls-sento-isuzu-sexy-anime-wallpaper-preview.jpg"
    },
     {
	"teks": "Fant Arts",
	"image": "https://c4.wallpaperflare.com/wallpaper/926/738/491/silver-hair-red-eyes-long-hair-original-characters-wallpaper-preview.jpg"
    },
    
	 {
	"teks": "Fant Arts",
	"image": "https://c4.wallpaperflare.com/wallpaper/70/834/423/kimetsu-no-yaiba-kamado-nezuko-anime-anime-girls-hd-wallpaper-preview.jpg"
    },
     {
	"teks": "Fant Arts",
	"image": "https://c4.wallpaperflare.com/wallpaper/341/708/8/esdeath-esdeath-akame-ga-kill-akame-ga-kill-anime-girls-women-hd-wallpaper-preview.jpg"
    },
     {
	"teks": "Fant Arts",
	"image": "https://c4.wallpaperflare.com/wallpaper/980/895/764/alone-anime-girls-sexy-anime-wake-up-girls-wallpaper-preview.jpg"
    },
     {
	"teks": "Fant Arts",
	"image": "https://c4.wallpaperflare.com/wallpaper/121/700/947/anime-anime-girls-long-hair-purple-hair-wallpaper-preview.jpg"
    },
     {
	"teks": "Fant Arts",
	"image": "https://c4.wallpaperflare.com/wallpaper/269/42/575/darling-in-the-franxx-anime-girls-zero-two-darling-in-the-franxx-wallpaper-preview.jpg"
    },
    
	 {
	"teks": "Fant Arts",
	"image": "https://c4.wallpaperflare.com/wallpaper/838/930/483/kamado-nezuko-thighs-anime-demon-girls-demon-girl-hd-wallpaper-preview.jpg"
    },
     {
	"teks": "Fant Arts",
	"image": "https://c4.wallpaperflare.com/wallpaper/364/551/785/anime-girls-kaguya-sama-love-is-war-kaguya-shinomiya-weapon-hd-wallpaper-preview.jpg"
    },
     {
	"teks": "Fant Arts",
	"image": "https://c4.wallpaperflare.com/wallpaper/635/590/421/fate-grand-order-ishtar-fate-grand-order-ereshkigal-fate-grand-order-long-hair-vertical-hd-wallpaper-preview.jpg"
    },
     {
	"teks": "Fant Arts",
	"image": "https://c4.wallpaperflare.com/wallpaper/419/978/381/anime-anime-girls-picture-in-picture-seishun-buta-yarou-wa-bunny-girl-senpai-no-yume-o-minai-sakurajima-mai-hd-wallpaper-preview.jpg"
    },
     {
	"teks": "Fant Arts",
	"image": "https://c4.wallpaperflare.com/wallpaper/103/81/105/kimetsu-no-yaiba-anime-girls-long-hair-black-hair-multi-colored-hair-hd-wallpaper-preview.jpg"
    },
    
	 {
	"teks": "Fant Arts",
	"image": "https://c4.wallpaperflare.com/wallpaper/1003/863/810/anime-anime-girls-digital-art-artwork-vertical-hd-wallpaper-preview.jpg"
    },
	 {
	"teks": "Fant Arts",
	"image": "https://c4.wallpaperflare.com/wallpaper/136/618/466/overlord-anime-anime-girls-albedo-overlord-wallpaper-preview.jpg"
    },
     {
	"teks": "Fant Arts",
	"image": "https://c4.wallpaperflare.com/wallpaper/852/454/486/anime-anime-girls-hentai-ouji-to-warawanai-neko-tsutsukakushi-tsukiko-wallpaper-preview.jpg"
    },
     {
	"teks": "Fant Arts",
	"image": "https://c4.wallpaperflare.com/wallpaper/778/539/651/kaguya-sama-love-is-war-anime-girls-pink-hair-smiling-chika-fujiwara-hd-wallpaper-preview.jpg"
    },
     {
	"teks": "Fant Arts",
	"image": "https://c4.wallpaperflare.com/wallpaper/390/562/514/anime-anime-girls-fate-grand-order-lancer-fate-grand-order-wallpaper-preview.jpg"
    },

	 {
	"teks": "Fant Arts",
	"image": "https://c4.wallpaperflare.com/wallpaper/848/637/272/anime-anime-girls-honkai-impact-yae-sakura-honkai-impact-wallpaper-preview.jpg"
    },
     {
	"teks": "Fant Arts",
	"image": "https://c4.wallpaperflare.com/wallpaper/469/118/324/fate-series-fate-stay-night-anime-girls-saber-alter-wallpaper-preview.jpg"
    },
     {
	"teks": "Fant Arts",
	"image": "https://c4.wallpaperflare.com/wallpaper/953/487/772/date-a-live-tokisaki-kurumi-anime-anime-girls-wallpaper-preview.jpg"
    },
     {
	"teks": "Fant Arts",
	"image": "https://c4.wallpaperflare.com/wallpaper/677/49/178/manga-anime-girls-women-big-boobs-wallpaper-preview.jpg"
    },
     {
	"teks": "Fant Arts",
	"image": "https://c4.wallpaperflare.com/wallpaper/579/854/451/high-school-dxd-anime-girls-gremory-rias-wallpaper-preview.jpg"
    },
    
	 {
	"teks": "Fant Arts",
	"image": "https://c4.wallpaperflare.com/wallpaper/573/467/718/kanojo-okarishimasu-rent-a-girlfriend-ichinose-chizuru-mami-nanami-ruka-sarashina-sumi-sakurasawa-hd-wallpaper-preview.jpg"
    },
     {
	"teks": "Fant Arts",
	"image": "https://c4.wallpaperflare.com/wallpaper/248/206/470/anime-girls-dress-feet-horns-wallpaper-preview.jpg"
    },
     {
	"teks": "Fant Arts",
	"image": "https://c4.wallpaperflare.com/wallpaper/477/301/246/5-toubun-no-hanayome-anime-girls-big-boobs-long-hair-redhead-hd-wallpaper-preview.jpg"
    },
     {
	"teks": "Fant Arts",
	"image": "https://c4.wallpaperflare.com/wallpaper/70/704/27/anime-anime-girls-digital-art-artwork-vertical-hd-wallpaper-preview.jpg"
    },
     {
	"teks": "Fant Arts",
	"image": "https://c4.wallpaperflare.com/wallpaper/216/569/105/anime-5-toubun-no-hanayome-anime-girls-nakano-miku-headphones-hd-wallpaper-preview.jpg"
    },
    
	 {
	"teks": "Fant Arts",
	"image": "https://c4.wallpaperflare.com/wallpaper/69/237/202/anime-anime-girls-5-toubun-no-hanayome-nakano-miku-hd-wallpaper-preview.jpg"
    },
     {
	"teks": "Fant Arts",
	"image": "https://c4.wallpaperflare.com/wallpaper/863/18/337/anime-anime-girls-honkai-impact-kiana-kaslana-wallpaper-preview.jpg"
    },
     {
	"teks": "Fant Arts",
	"image": "https://c4.wallpaperflare.com/wallpaper/727/467/752/manga-re-zero-kara-hajimeru-isekai-seikatsu-rem-anime-girls-wallpaper-preview.jpg"
    },
     {
	"teks": "Fant Arts",
	"image": "https://c4.wallpaperflare.com/wallpaper/127/113/119/anime-anime-girls-blue-eyes-takarada-rikka-ssss-gridman-hd-wallpaper-preview.jpg"
    },
     {
	"teks": "Fant Arts",
	"image": "https://c4.wallpaperflare.com/wallpaper/20/542/527/boobs-pink-hair-nude-sideboob-wings-jibril-anime-anime-girls-no-game-no-life-sexy-anime-wallpaper-preview.jpg"
    },
    
	 {
	"teks": "Fant Arts",
	"image": "https://c4.wallpaperflare.com/wallpaper/388/937/143/anime-anime-girls-digital-art-artwork-portrait-display-hd-wallpaper-preview.jpg"
    },
	 {
	"teks": "Fant Arts",
	"image": "https://c4.wallpaperflare.com/wallpaper/574/1005/230/rem-re-zero-re-zero-kara-hajimeru-isekai-seikatsu-anime-girls-anime-portrait-display-hd-wallpaper-preview.jpg"
    },
     {
	"teks": "Fant Arts",
	"image": "https://c4.wallpaperflare.com/wallpaper/243/756/48/kizuna-ai-anime-girls-virtual-youtuber-headphones-wallpaper-preview.jpg"
    },
     {
	"teks": "Fant Arts",
	"image": "https://c4.wallpaperflare.com/wallpaper/39/946/563/anime-date-a-live-anime-girls-yatogami-tohka-wallpaper-preview.jpg"
    },
     {
	"teks": "Fant Arts",
	"image": "https://c4.wallpaperflare.com/wallpaper/396/498/403/anime-anime-girls-re-zero-kara-hajimeru-isekai-seikatsu-emilia-wallpaper-preview.jpg"
    },

	 {
	"teks": "Fant Arts",
	"image": "https://c4.wallpaperflare.com/wallpaper/838/453/215/anime-girls-hayasaka-ai-hd-wallpaper-preview.jpg"
    },
     {
	"teks": "Fant Arts",
	"image": "https://c4.wallpaperflare.com/wallpaper/320/658/536/kono-subarashii-sekai-ni-shukufuku-wo-aqua-konosuba-megumin-darkness-konosuba-anime-girls-hd-wallpaper-preview.jpg"
    },
     {
	"teks": "Fant Arts",
	"image": "https://c4.wallpaperflare.com/wallpaper/89/603/771/tate-no-yusha-no-nariagari-raphtalia-anime-girls-hd-wallpaper-preview.jpg"
    },
     {
	"teks": "Fant Arts",
	"image": "https://c4.wallpaperflare.com/wallpaper/5/944/43/anime-girls-anime-azur-lane-akagi-azur-lane-kaga-azur-lane-hd-wallpaper-preview.jpg"
    },
     {
	"teks": "Fant Arts",
	"image": "https://c4.wallpaperflare.com/wallpaper/475/814/331/anime-anime-girls-dark-hair-japanese-clothes-wallpaper-preview.jpg"
    },
    
	 {
	"teks": "Fant Arts",
	"image": "https://c4.wallpaperflare.com/wallpaper/94/600/32/anime-anime-girls-digital-art-artwork-portrait-display-hd-wallpaper-preview.jpg"
    },
     {
	"teks": "Fant Arts",
	"image": "https://c4.wallpaperflare.com/wallpaper/918/276/60/anime-anime-girls-digital-art-artwork-2d-hd-wallpaper-preview.jpg"
    },
     {
	"teks": "Fant Arts",
	"image": "https://c4.wallpaperflare.com/wallpaper/873/573/204/date-a-live-tokisaki-kurumi-heterochromia-anime-girls-wallpaper-preview.jpg"
    },
     {
	"teks": "Fant Arts",
	"image": "https://c4.wallpaperflare.com/wallpaper/646/565/247/kaguya-sama-love-is-war-anime-girls-small-boobs-long-hair-black-hair-hd-wallpaper-preview.jpg"
    },
     {
	"teks": "Fant Arts",
	"image": "https://c4.wallpaperflare.com/wallpaper/342/445/235/kaguya-sama-love-is-war-anime-girls-chika-fujiwara-hd-wallpaper-preview.jpg"
    },
    
	 {
	"teks": "Fant Arts",
	"image": "https://c4.wallpaperflare.com/wallpaper/486/292/6/neon-genesis-evangelion-anime-girls-asuka-langley-soryu-asuka-langley-shikinami-wallpaper-preview.jpg"
    },
     {
	"teks": "Fant Arts",
	"image": "https://c4.wallpaperflare.com/wallpaper/8/492/19/hyuuga-hinata-naruto-shippuuden-naruto-anime-anime-manga-hd-wallpaper-preview.jpg"
    },
     {
	"teks": "Fant Arts",
	"image": "https://c4.wallpaperflare.com/wallpaper/941/920/835/re-zero-kara-hajimeru-isekai-seikatsu-anime-girls-rem-re-zero-maid-outfit-wallpaper-preview.jpg"
    },
     {
	"teks": "Fant Arts",
	"image": "https://c4.wallpaperflare.com/wallpaper/1013/722/467/anime-anime-girls-re-zero-kara-hajimeru-isekai-seikatsu-rem-wallpaper-preview.jpg"
    },
     {
	"teks": "Fant Arts",
	"image": "https://c4.wallpaperflare.com/wallpaper/585/702/407/anime-girls-manga-no-bra-original-characters-wallpaper-preview.jpg"
    },
    
	 {
	"teks": "Fant Arts",
	"image": "https://c4.wallpaperflare.com/wallpaper/590/834/537/kamado-nezuko-kimetsu-no-yaiba-anime-girls-anime-manga-hd-wallpaper-preview.jpg"
    },
	 {
	"teks": "Fant Arts",
	"image": "https://c4.wallpaperflare.com/wallpaper/329/639/787/anime-anime-girls-witch-hat-wallpaper-preview.jpg"
    },
     {
	"teks": "Fant Arts",
	"image": "https://c4.wallpaperflare.com/wallpaper/630/703/783/platelet-chan-hataraku-saibou-anime-girls-children-wallpaper-preview.jpg"
    },
     {
	"teks": "Fant Arts",
	"image": "https://c4.wallpaperflare.com/wallpaper/271/412/958/anime-girls-anime-fate-grand-order-ereshkigal-fate-grand-order-hd-wallpaper-preview.jpg"
    },
     {
	"teks": "Fant Arts",
	"image": "https://c4.wallpaperflare.com/wallpaper/927/909/231/kaguya-sama-love-is-war-anime-girls-thighs-long-hair-blond-hair-hd-wallpaper-preview.jpg"
    },

	 {
	"teks": "Fant Arts",
	"image": "https://c4.wallpaperflare.com/wallpaper/457/791/734/anime-anime-girls-digital-art-artwork-2d-hd-wallpaper-preview.jpg"
    },
     {
	"teks": "Fant Arts",
	"image": "https://c4.wallpaperflare.com/wallpaper/311/229/289/anime-anime-girls-date-a-live-yatogami-tohka-kimono-hd-wallpaper-preview.jpg"
    },
     {
	"teks": "Fant Arts",
	"image": "https://c4.wallpaperflare.com/wallpaper/770/57/285/fate-series-matou-sakura-tohsaka-rin-illyasviel-von-einzbern-wallpaper-preview.jpg"
    },
     {
	"teks": "Fant Arts",
	"image": "https://c4.wallpaperflare.com/wallpaper/918/511/755/yahari-ore-no-seishun-love-comedy-wa-machigatteiru-anime-girls-yukinoshita-yukino-anime-wallpaper-preview.jpg"
    },
     {
	"teks": "Fant Arts",
	"image": "https://c4.wallpaperflare.com/wallpaper/925/361/193/anime-girls-anime-picture-in-picture-picture-in-picture-picture-in-picture-hd-wallpaper-preview.jpg"
    },
    
	 {
	"teks": "Fant Arts",
	"image": "https://c4.wallpaperflare.com/wallpaper/556/459/725/anime-girls-ponytail-sexy-anime-suzumiya-haruhi-wallpaper-preview.jpg"
    },
     {
	"teks": "Fant Arts",
	"image": "https://c4.wallpaperflare.com/wallpaper/516/527/709/anime-anime-girls-date-a-live-tokisaki-kurumi-wallpaper-preview.jpg"
    },
     {
	"teks": "Fant Arts",
	"image": "https://c4.wallpaperflare.com/wallpaper/31/730/453/kato-megumi-saenai-heroine-no-sodatekata-short-hair-hat-wallpaper-preview.jpg"
    },
     {
	"teks": "Fant Arts",
	"image": "https://c4.wallpaperflare.com/wallpaper/804/415/814/hataraku-saibou-anime-girls-cells-loli-wallpaper-preview.jpg"
    },
     {
	"teks": "Fant Arts",
	"image": "https://c4.wallpaperflare.com/wallpaper/97/436/944/one-punch-man-tatsumaki-anime-girls-wallpaper-preview.jpg"
    },
    
	 {
	"teks": "Fant Arts",
	"image": "https://c4.wallpaperflare.com/wallpaper/979/947/668/kaguya-sama-love-is-war-school-uniform-jk-big-boobs-long-hair-hd-wallpaper-preview.jpg"
    },
     {
	"teks": "Fant Arts",
	"image": "https://c4.wallpaperflare.com/wallpaper/602/188/875/platelet-chan-hataraku-saibou-anime-girls-children-wallpaper-preview.jpg"
    },
     {
	"teks": "Fant Arts",
	"image": "https://c4.wallpaperflare.com/wallpaper/729/843/809/akame-ga-kill-anime-anime-girls-sword-wallpaper-preview.jpg"
    },
     {
	"teks": "Fant Arts",
	"image": "https://c4.wallpaperflare.com/wallpaper/660/800/840/tsutsukakushi-tsukiko-hentai-ouji-to-warawanai-neko-kantoku-snow-wallpaper-preview.jpg"
    },
     {
	"teks": "Fant Arts",
	"image": "https://c4.wallpaperflare.com/wallpaper/35/671/594/ane-naru-mono-chiyo-anime-girls-portrait-display-wallpaper-preview.jpg"
    },
    
	 {
	"teks": "Fant Arts",
	"image": "https://c4.wallpaperflare.com/wallpaper/989/773/307/anime-anime-girls-honkai-impact-mei-honkai-impact-wallpaper-preview.jpg"
    },
	 {
	"teks": "Fant Arts",
	"image": "https://c4.wallpaperflare.com/wallpaper/351/1017/214/anime-anime-girls-miyaura-sanshio-long-hair-wallpaper-preview.jpg"
    },
     {
	"teks": "Fant Arts",
	"image": "https://c4.wallpaperflare.com/wallpaper/667/937/206/yahari-ore-no-seishun-love-comedy-wa-machigatteiru-anime-girls-yukinoshita-yukino-yuigahama-yui-wallpaper-preview.jpg"
    },
     {
	"teks": "Fant Arts",
	"image": "https://c4.wallpaperflare.com/wallpaper/180/561/314/anime-long-hair-gym-clothes-original-characters-wallpaper-preview.jpg"
    },
     {
	"teks": "Fant Arts",
	"image": "https://c4.wallpaperflare.com/wallpaper/286/178/407/akame-akame-ga-kill-anime-girls-wallpaper-preview.jpg"
    },

	 {
	"teks": "Fant Arts",
	"image": "https://c4.wallpaperflare.com/wallpaper/698/290/542/5-toubun-no-hanayome-anime-girls-short-hair-big-boobs-wedding-dress-hd-wallpaper-preview.jpg"
    },
     {
	"teks": "Fant Arts",
	"image": "https://c4.wallpaperflare.com/wallpaper/540/1010/460/arknights-anime-anime-girls-vertical-digital-art-hd-wallpaper-preview.jpg"
    },
     {
	"teks": "Fant Arts",
	"image": "https://c4.wallpaperflare.com/wallpaper/540/1010/460/arknights-anime-anime-girls-vertical-digital-art-hd-wallpaper-preview.jpg"
    },
     {
	"teks": "Fant Arts",
	"image": "https://c4.wallpaperflare.com/wallpaper/417/83/814/anime-anime-girls-digital-art-artwork-portrait-display-hd-wallpaper-preview.jpg"
    },
     {
	"teks": "Fant Arts",
	"image": "https://c4.wallpaperflare.com/wallpaper/770/25/254/anime-anime-girls-saenai-heroine-no-sodatekata-katou-megumi-glasses-hd-wallpaper-preview.jpg"
    },
    
	 {
	"teks": "Fant Arts",
	"image": "https://c4.wallpaperflare.com/wallpaper/306/287/809/kimetsu-no-yaiba-anime-girls-japanese-kimono-long-hair-2d-hd-wallpaper-preview.jpg"
    },
     {
	"teks": "Fant Arts",
	"image": "https://c4.wallpaperflare.com/wallpaper/511/439/642/akame-ga-kill-akame-anime-anime-girls-wallpaper-preview.jpg"
    },
     {
	"teks": "Fant Arts",
	"image": "https://c4.wallpaperflare.com/wallpaper/894/800/1009/saenai-heroine-no-sodatekata-anime-girls-megumi-katou-wallpaper-preview.jpg"
    },
     {
	"teks": "Fant Arts",
	"image": "https://c4.wallpaperflare.com/wallpaper/852/466/349/kaguya-sama-love-is-war-anime-girls-small-boobs-long-hair-black-hair-hd-wallpaper-preview.jpg"
    },
     {
	"teks": "Fant Arts",
	"image": "https://c4.wallpaperflare.com/wallpaper/46/168/25/violet-evergarden-anime-girls-blonde-blue-eyes-wallpaper-preview.jpg"
    },
    
	 {
	"teks": "Fant Arts",
	"image": "https://c4.wallpaperflare.com/wallpaper/751/431/753/anime-girls-anime-fate-grand-order-nero-claudius-wallpaper-preview.jpg"
    },
     {
	"teks": "Fant Arts",
	"image": "https://c4.wallpaperflare.com/wallpaper/810/714/385/anime-anime-girls-saenai-heroine-no-sodatekata-kasumigaoka-utaha-wallpaper-preview.jpg"
    },
     {
	"teks": "Fant Arts",
	"image": "https://c4.wallpaperflare.com/wallpaper/810/915/620/sinon-sword-art-online-sword-art-online-neko-ears-cat-ears-wallpaper-preview.jpg"
    },
     {
	"teks": "Fant Arts",
	"image": "https://c4.wallpaperflare.com/wallpaper/559/34/333/anime-anime-girls-date-a-live-tokisaki-kurumi-wallpaper-preview.jpg"
    },
     {
	"teks": "Fant Arts",
	"image": "https://c4.wallpaperflare.com/wallpaper/723/751/719/owari-no-seraph-krul-tepes-anime-girls-pink-hair-wallpaper-preview.jpg"
    },
    
	 {
	"teks": "Fant Arts",
	"image": "https://c4.wallpaperflare.com/wallpaper/845/146/342/anime-anime-girls-re-zero-kara-hajimeru-isekai-seikatsu-rem-re-zero-wallpaper-preview.jpg"
    },
	 {
	"teks": "Fant Arts",
	"image": "https://c4.wallpaperflare.com/wallpaper/736/333/117/anime-anime-girls-no-game-no-life-chess-stars-hd-wallpaper-preview.jpg"
    },
     {
	"teks": "Fant Arts",
	"image": "https://c4.wallpaperflare.com/wallpaper/801/624/983/violet-evergarden-anime-girls-violet-evergarden-anime-anime-wallpaper-preview.jpg"
    },
     {
	"teks": "Fant Arts",
	"image": "https://c4.wallpaperflare.com/wallpaper/409/310/427/kimetsu-no-yaiba-anime-girls-black-hair-long-hair-bamboo-hd-wallpaper-preview.jpg"
    },
     {
	"teks": "Fant Arts",
	"image": "https://c4.wallpaperflare.com/wallpaper/125/716/849/shinjou-akane-takarada-rikka-ssss-gridman-anime-wallpaper-preview.jpg"
    },

	 {
	"teks": "Fant Arts",
	"image": "https://c4.wallpaperflare.com/wallpaper/214/544/879/kantoku-anime-hentai-ouji-to-warawanai-neko-anime-girls-wallpaper-preview.jpg"
    },
     {
	"teks": "Fant Arts",
	"image": "https://c4.wallpaperflare.com/wallpaper/390/825/189/saenai-heroine-no-sodatekata-kasumigaoka-utaha-anime-girls-wallpaper-preview.jpg"
    },
     {
	"teks": "Fant Arts",
	"image": "https://c4.wallpaperflare.com/wallpaper/651/495/623/anime-anime-girls-digital-art-artwork-portrait-display-hd-wallpaper-preview.jpg"
    },
     {
	"teks": "Fant Arts",
	"image": "https://c4.wallpaperflare.com/wallpaper/542/111/577/anime-anime-girls-nakano-miku-headphones-kimono-hd-wallpaper-preview.jpg"
    },
     {
	"teks": "Fant Arts",
	"image": "https://c4.wallpaperflare.com/wallpaper/470/933/145/mirai-nikki-anime-girls-gasai-yuno-wallpaper-preview.jpg"
    },
    
	 {
	"teks": "Fant Arts",
	"image": "https://c4.wallpaperflare.com/wallpaper/165/685/111/fate-apocrypha-fate-series-anime-girls-saber-of-red-wallpaper-preview.jpg"
    },
     {
	"teks": "Fant Arts",
	"image": "https://c4.wallpaperflare.com/wallpaper/381/238/427/kaguya-sama-love-is-war-anime-girls-blushing-school-uniform-jk-hd-wallpaper-preview.jpg"
    },
     {
	"teks": "Fant Arts",
	"image": "https://c4.wallpaperflare.com/wallpaper/213/796/834/portrait-display-anime-steins-gate-makise-kurisu-anime-girls-hd-wallpaper-preview.jpg"
    },
     {
	"teks": "Fant Arts",
	"image": "https://c4.wallpaperflare.com/wallpaper/740/27/797/hyouka-anime-girls-chitanda-eru-wallpaper-preview.jpg"
    },
     {
	"teks": "Fant Arts",
	"image": "https://c4.wallpaperflare.com/wallpaper/595/41/129/eromanga-sensei-izumi-sagiri-anime-girls-laundry-wallpaper-preview.jpg"
    },
    
	 {
	"teks": "Fant Arts",
	"image": "https://c4.wallpaperflare.com/wallpaper/326/391/733/neon-genesis-evangelion-anime-girls-ayanami-rei-anime-wallpaper-preview.jpg"
    },
     {
	"teks": "Fant Arts",
	"image": "https://c4.wallpaperflare.com/wallpaper/402/669/245/to-love-ru-golden-darkness-sairenji-haruna-lala-satalin-deviluke-yuuki-rito-anime-girls-1600x1146-anime-hot-anime-hd-art-wallpaper-preview.jpg"
    },
     {
	"teks": "Fant Arts",
	"image": "https://c4.wallpaperflare.com/wallpaper/905/842/547/anime-anime-girls-long-hair-blonde-wallpaper-preview.jpg"
    },
     {
	"teks": "Fant Arts",
	"image": "https://c4.wallpaperflare.com/wallpaper/695/887/613/fate-series-tohsaka-rin-anime-girls-wallpaper-preview.jpg"
    },
     {
	"teks": "Fant Arts",
	"image": "https://c4.wallpaperflare.com/wallpaper/394/924/875/monogatari-series-anime-girls-oshino-shinobu-white-dress-wallpaper-preview.jpg"
    },
    
	 {
	"teks": "Fant Arts",
	"image": "https://c4.wallpaperflare.com/wallpaper/838/724/906/anime-anime-girls-long-hair-fate-grand-order-wallpaper-preview.jpg"
    },
	 {
	"teks": "Fant Arts",
	"image": "https://c4.wallpaperflare.com/wallpaper/59/499/702/himouto-umaru-chan-anime-girls-doma-umaru-wallpaper-preview.jpg"
    },
     {
	"teks": "Fant Arts",
	"image": "https://c4.wallpaperflare.com/wallpaper/675/457/187/chuunibyou-demo-koi-ga-shitai-anime-girls-takanashi-rikka-wallpaper-preview.jpg"
    },
     {
	"teks": "Fant Arts",
	"image": "https://c4.wallpaperflare.com/wallpaper/310/350/395/date-a-live-yoshino-anime-girls-bunny-ears-wallpaper-preview.jpg"
    },
     {
	"teks": "Fant Arts",
	"image": "https://c4.wallpaperflare.com/wallpaper/563/742/537/kaguya-sama-love-is-war-anime-girls-nekomimi-school-uniform-kaguya-shinomiya-hd-wallpaper-preview.jpg"
    },

	 {
	"teks": "Fant Arts",
	"image": "https://images5.alphacoders.com/675/thumb-350-675099.jpg"
    },
     {
	"teks": "Fant Arts",
	"image": "https://images6.alphacoders.com/681/thumb-350-681497.jpg"
    },
     {
	"teks": "Fant Arts",
	"image": "https://images6.alphacoders.com/672/thumb-350-672877.jpg"
    },
     {
	"teks": "Fant Arts",
	"image": "https://images4.alphacoders.com/484/thumb-350-48488.png"
    },
     {
	"teks": "Fant Arts",
	"image": "https://images8.alphacoders.com/673/thumb-350-673461.jpg"
    },
    
	 {
	"teks": "Fant Arts",
	"image": "https://images8.alphacoders.com/912/thumb-350-912409.png"
    },
     {
	"teks": "Fant Arts",
	"image": "https://images.alphacoders.com/100/thumb-350-1001062.png"
    },
     {
	"teks": "Fant Arts",
	"image": "https://images4.alphacoders.com/727/thumb-350-727251.jpg"
    },
     {
	"teks": "Fant Arts",
	"image": "https://images6.alphacoders.com/785/thumb-350-785425.png"
    },
     {
	"teks": "Fant Arts",
	"image": "https://images4.alphacoders.com/196/thumb-350-196138.jpg"
    },
    
	 {
	"teks": "Fant Arts",
	"image": "https://images4.alphacoders.com/699/thumb-350-699640.png"
    },
     {
	"teks": "Fant Arts",
	"image": "https://images3.alphacoders.com/785/thumb-350-785203.jpg"
    },
     {
	"teks": "Fant Arts",
	"image": "https://images3.alphacoders.com/226/thumb-350-226459.jpg"
    },
     {
	"teks": "Fant Arts",
	"image": "https://images5.alphacoders.com/782/thumb-350-782534.jpg"
    },
     {
	"teks": "Fant Arts",
	"image": "https://images6.alphacoders.com/652/thumb-350-652708.jpg"
    },
    
	 {
	"teks": "Fant Arts",
	"image": "https://images8.alphacoders.com/658/thumb-350-658267.png"
    },
	 {
	"teks": "Fant Arts",
	"image": "https://images6.alphacoders.com/588/thumb-350-588033.png"
    },
     {
	"teks": "Fant Arts",
	"image": "https://images6.alphacoders.com/629/thumb-350-629534.jpg"
    },
     {
	"teks": "Fant Arts",
	"image": "https://images2.alphacoders.com/110/thumb-350-110850.jpg"
    },
     {
	"teks": "Fant Arts",
	"image": "https://images3.alphacoders.com/745/thumb-350-745025.png"
    },

	 {
	"teks": "Fant Arts",
	"image": "https://images7.alphacoders.com/607/thumb-350-607062.jpg"
    },
     {
	"teks": "Fant Arts",
	"image": "https://images2.alphacoders.com/629/thumb-350-629551.jpg"
    },
     {
	"teks": "Fant Arts",
	"image": "https://images.alphacoders.com/861/thumb-350-861421.png"
    },
     {
	"teks": "Fant Arts",
	"image": "https://images3.alphacoders.com/205/thumb-350-205509.jpg"
    },
     {
	"teks": "Fant Arts",
	"image": "https://images2.alphacoders.com/809/thumb-350-809885.png"
    },
    
	 {
	"teks": "Fant Arts",
	"image": "https://images6.alphacoders.com/785/thumb-350-785389.png"
    },
     {
	"teks": "Fant Arts",
	"image": "https://images4.alphacoders.com/605/thumb-350-605594.jpg"
    },
     {
	"teks": "Fant Arts",
	"image": "https://images6.alphacoders.com/595/thumb-350-595882.jpg"
    },
     {
	"teks": "Fant Arts",
	"image": "https://images3.alphacoders.com/651/thumb-350-651118.jpg"
    },
     {
	"teks": "Fant Arts",
	"image": "https://images2.alphacoders.com/598/thumb-350-598787.png"
    },
    
	 {
	"teks": "Fant Arts",
	"image": "https://images5.alphacoders.com/106/thumb-350-1063526.jpg"
    },
     {
	"teks": "Fant Arts",
	"image": "https://images6.alphacoders.com/104/thumb-350-1041145.jpg"
    },
     {
	"teks": "Fant Arts",
	"image": "https://images4.alphacoders.com/103/thumb-350-1038944.png"
    },
     {
	"teks": "Fant Arts",
	"image": "https://images6.alphacoders.com/403/thumb-350-403549.jpg"
    },
     {
	"teks": "Fant Arts",
	"image": "https://images4.alphacoders.com/903/thumb-350-903818.jpg"
    },
    
	 {
	"teks": "Fant Arts",
	"image": "https://images6.alphacoders.com/928/thumb-350-928310.jpg"
    },
	 {
	"teks": "Fant Arts",
	"image": "https://images8.alphacoders.com/914/thumb-350-914058.jpg"
    },
     {
	"teks": "Fant Arts",
	"image": "https://images3.alphacoders.com/930/thumb-350-930835.jpg"
    },
     {
	"teks": "Fant Arts",
	"image": "https://images4.alphacoders.com/957/thumb-350-957204.jpg"
    },
     {
	"teks": "Fant Arts",
	"image": "https://images3.alphacoders.com/957/thumb-350-957203.jpg"
    },

	 {
	"teks": "Fant Arts",
	"image": "https://images.alphacoders.com/100/thumb-350-1007335.jpg"
    },
     {
	"teks": "Fant Arts",
	"image": "https://images3.alphacoders.com/957/thumb-350-957205.jpg"
    },
    {
	"teks": "Yui Hirasawa from K-ON!",
	"image": "http://randomwaifu.altervista.org/images/0030.png"
    },
    {
	"teks": "Mea Kurosaki from To Love-Ru",
	"image": "http://randomwaifu.altervista.org/images/0008.png"
    },
    {
	"teks": "Ochaco Uraraka from My Hero Academia",
	"image": "http://randomwaifu.altervista.org/images/0057.png"
    },
    {
	"teks": "Jibril from No Game No Life",
	"image": "http://randomwaifu.altervista.org/images/0056.png"
    },
    {
	"teks": "Tohru from Miss Kobayashi's Dragon Maid",
	"image": "http://randomwaifu.altervista.org/images/0045.png"
    },
    {
	"teks": "Android N21 from Dragon Ball",
	"image": "http://randomwaifu.altervista.org/images/0078.png"
    },
    {
	"teks": "Misaki Okusawa from BanG Dream!",
	"image": "http://randomwaifu.altervista.org/images/0035.png"
    },
    {
	"teks": "Reina Kousaka from Hibike! Euphonium",
	"image": "http://randomwaifu.altervista.org/images/0027.png"
    },
    {
	"teks": "Tohru from Miss Kobayashi's Dragon Maid",
	"image": "http://randomwaifu.altervista.org/images/0045.png"
    },
    {
	"teks": "Azusa Azuki from Hentai oji to warawanai neko",
	"image": "http://randomwaifu.altervista.org/images/0086.png"
    },
    {
	"teks": "Raphtalia from The Rising of the Shield Hero",
	"image": "http://randomwaifu.altervista.org/images/0085.png"
    },
    {
	"teks": "Kurumi Tokisaki from Date a Live!",
	"image": "http://randomwaifu.altervista.org/images/0044.png"
    },
    {
	"teks": "Tsurumaki Kokoro from BanG Dream!",
	"image": "http://randomwaifu.altervista.org/images/0069.png"
    },
    {
	"teks": "Satsuki Kiryuin from Kill la Kill",
	"image": "http://randomwaifu.altervista.org/images/0022.png"
    },
    {
	"teks": "Ruri Gokou from Oreimo",
	"image": "http://randomwaifu.altervista.org/images/0004.png"
    },
    {
	"teks": "Dono from Dono-san chi no doe",
	"image": "http://randomwaifu.altervista.org/images/0015.png"
    },
    {
	"teks": "Reina Kousaka from Hibike! Euphonium",
	"image": "http://randomwaifu.altervista.org/images/0027.png"
    },
    {
	"teks": "Yuri Nakamura from Angel Beats!",
	"image": "http://randomwaifu.altervista.org/images/0050.png"
    },
    {
	"teks": "Uzaki Hana from Uzaki-chan wa Asobitai",
	"image": "http://randomwaifu.altervista.org/images/0013.png"
    },
    {
	"teks": "Shuten Douji from Fate/Grand Order",
	"image": "http://randomwaifu.altervista.org/images/0083.png"
    },
    {
	"teks": "Mirai Kuriyama from Kyoukai no Kanata",
	"image": "http://randomwaifu.altervista.org/images/0025.png"
    },
    {
	"teks": "Kyouko Toshinou from Yuru Yuri!",
	"image": "http://randomwaifu.altervista.org/images/0018.png"
    },
    {
	"teks": "Ochaco Uraraka from My Hero Academia",
	"image": "http://randomwaifu.altervista.org/images/0057.png"
    },
    {
	"teks": "Unknown from Unknown",
	"image": "http://randomwaifu.altervista.org/images/0067.png"
    },
    {
	"teks": "Nadeshiko Kagamihara from Yuru Camp",
	"image": "http://randomwaifu.altervista.org/images/0099.png"
    },
    {
	"teks": "Albedo from Overlord",
	"image": "http://randomwaifu.altervista.org/images/0093.png"
    },
    {
	"teks": "Reina Kousaka from Hibike! Euphonium",
	"image": "http://randomwaifu.altervista.org/images/0027.png"
    },
    {
	"teks": "Sasaki Chiho from Hataraku Maou-sama!",
	"image": "http://randomwaifu.altervista.org/images/0041.png"
    },
    {
	"teks": "Unknown from Unknown",
	"image": "http://randomwaifu.altervista.org/images/0067.png"
    },
    {
	"teks": "Kaori Miyazono from Your Lie in April",
	"image": "http://randomwaifu.altervista.org/images/0097.png"
    },
    {
	"teks": "Shuten Douji from Fate/Grand Order",
	"image": "http://randomwaifu.altervista.org/images/0083.png"
    },
    {
	"teks": "Himari Uehara from BanG Dream!",
	"image": "http://randomwaifu.altervista.org/images/0084.png"
    },
    {
	"teks": "Haruhi Suzumiya from The Melancholy of Haruhi Suzumiya",
	"image": "http://randomwaifu.altervista.org/images/0006.png"
    },
    {
	"teks": "Misaki Okusawa from BanG Dream!",
	"image": "http://randomwaifu.altervista.org/images/0035.png"
    },
    {
	"teks": "Azusa Miura from The Idolmaster",
	"image": "http://randomwaifu.altervista.org/images/0036.png"
    },
    {
	"teks": "Manami Tamura from Oreimo",
	"image": "http://randomwaifu.altervista.org/images/0059.png"
    },
    {
	"teks": "Yoshiko Tsushima from Love Live! Sunshine",
	"image": "http://randomwaifu.altervista.org/images/0087.png"
    },
    {
	"teks": "Francesca Lucchini from Strike Witches",
	"image": "http://randomwaifu.altervista.org/images/0061.png"
    },
    {
	"teks": "Rikka Takarada from SSSS. Gridman",
	"image": "http://randomwaifu.altervista.org/images/0071.png"
    },
    {
	"teks": "Ran Mitake from BanG Dream!",
	"image": "http://randomwaifu.altervista.org/images/0066.png"
    },
    {
	"teks": "Himiko Toga from My Hero Academia",
	"image": "http://randomwaifu.altervista.org/images/0009.png"
    },
    {
	"teks": "Karen Aijo from Shoujo-Kageki Revue Starlight",
	"image": "http://randomwaifu.altervista.org/images/0075.png"
    },
    {
	"teks": "Uzaki Hana from Uzaki-chan wa Asobitai",
	"image": "http://randomwaifu.altervista.org/images/0013.png"
    },
    {
	"teks": "Ako Udagawa from BanG Dream!",
	"image": "http://randomwaifu.altervista.org/images/0095.png"
    },
    {
	"teks": "Sasaki Chiho from Hataraku Maou-sama!",
	"image": "http://randomwaifu.altervista.org/images/0041.png"
    },
    {
	"teks": "Rimi Ushigome from BanG Dream!",
	"image": "http://randomwaifu.altervista.org/images/0052.png"
    },
    {
	"teks": "Kirino Kousaka from Oreimo",
	"image": "http://randomwaifu.altervista.org/images/0048.png"
    },
    {
	"teks": "Lilliluka Arde from DanMachi",
	"image": "http://randomwaifu.altervista.org/images/0026.png"
    },
    {
	"teks": "Princess King Boo from Internet",
	"image": "http://randomwaifu.altervista.org/images/0082.png"
    },
    {
	"teks": "Elizabeth Lyonesse from The Seven Deadly Sins",
	"image": "http://randomwaifu.altervista.org/images/0079.png"
    },
    {
	"teks": "Albedo from Overlord",
	"image": "http://randomwaifu.altervista.org/images/0093.png"
    },
    {
	"teks": "Nadeshiko Kagamihara from Yuru Camp",
	"image": "http://randomwaifu.altervista.org/images/0099.png"
    },
    {
	"teks": "Lilliluka Arde from DanMachi",
	"image": "http://randomwaifu.altervista.org/images/0026.png"
    },
    {
	"teks": "Madoka Kaname from Puella Magi Madoka Magica",
	"image": "http://randomwaifu.altervista.org/images/0032.png"
    },
    {
	"teks": "Nano Shinonome from Nichijou",
	"image": "http://randomwaifu.altervista.org/images/0011.png"
    },
    {
	"teks": "Uzaki Hana from Uzaki-chan wa Asobitai",
	"image": "http://randomwaifu.altervista.org/images/0013.png"
    },
    {
	"teks": "Nadeko Sengoku from Monogatari Series",
	"image": "http://randomwaifu.altervista.org/images/0017.png"
    },
    {
	"teks": "Illyasviel von Einzbern from Fate/Stay Night",
	"image": "http://randomwaifu.altervista.org/images/0012.png"
    },
    {
	"teks": "Shuten Douji from Fate/Grand Order",
	"image": "http://randomwaifu.altervista.org/images/0083.png"
    },
    {
	"teks": "Elizabeth Lyonesse from The Seven Deadly Sins",
	"image": "http://randomwaifu.altervista.org/images/0079.png"
    },
    {
	"teks": "Shinobu Oshino from Monogatari Series",
	"image": "http://randomwaifu.altervista.org/images/0010.png"
    },
    {
	"teks": "Madoka Kaname from Puella Magi Madoka Magica",
	"image": "http://randomwaifu.altervista.org/images/0032.png"
    },
    {
	"teks": "Tohru from Miss Kobayashi's Dragon Maid",
	"image": "http://randomwaifu.altervista.org/images/0045.png"
    },
    {
	"teks": "Tobiichi Origami from Date a Live!",
	"image": "http://randomwaifu.altervista.org/images/0043.png"
    },
    {
	"teks": "Sasaki Chiho from Hataraku Maou-sama!",
	"image": "http://randomwaifu.altervista.org/images/0041.png"
    },
    {
	"teks": "Mai Sakurajima from Seishun buta yar?",
	"image": "http://randomwaifu.altervista.org/images/0063.png"
    },
    {
	"teks": "Nadeko Sengoku from Monogatari Series",
	"image": "http://randomwaifu.altervista.org/images/0017.png"
    },
    {
	"teks": "Ai-chan from Getsuyoubi no Tawawa",
	"image": "http://randomwaifu.altervista.org/images/0096.png"
    },
    {
	"teks": "Kirino Kousaka from Oreimo",
	"image": "http://randomwaifu.altervista.org/images/0048.png"
    },
    {
	"teks": "Mea Kurosaki from To Love-Ru",
	"image": "http://randomwaifu.altervista.org/images/0008.png"
    },
    {
	"teks": "Nadeshiko Kagamihara from Yuru Camp",
	"image": "http://randomwaifu.altervista.org/images/0099.png"
    },
    {
	"teks": "Lily Hoshikawa from Zombieland Saga",
	"image": "http://randomwaifu.altervista.org/images/0064.png"
    },
    {
	"teks": "Unknown from Unknown",
	"image": "http://randomwaifu.altervista.org/images/0089.png"
    },
    {
	"teks": "Makoto Kikuchi from The Idolmaster",
	"image": "http://randomwaifu.altervista.org/images/0034.png"
    },
    {
	"teks": "Ruri Gokou from Oreimo",
	"image": "http://randomwaifu.altervista.org/images/0004.png"
    },
    {
	"teks": "Rikka Takanashi from Chuunibyou Demo Koi Ga Shitai!",
	"image": "http://randomwaifu.altervista.org/images/0049.png"
    },
    {
	"teks": "Ako Udagawa from BanG Dream!",
	"image": "http://randomwaifu.altervista.org/images/0095.png"
    },
    {
	"teks": "Kurumi Tokisaki from Date a Live!",
	"image": "http://randomwaifu.altervista.org/images/0044.png"
    },
    {
	"teks": "Kurisu Makise from Steins;Gate",
	"image": "http://randomwaifu.altervista.org/images/0005.png"
    },
    {
	"teks": "Mirai Kuriyama from Kyoukai no Kanata",
	"image": "http://randomwaifu.altervista.org/images/0025.png"
    },
    {
	"teks": "Sarashiki Tatenashi from Infinite Stratos",
	"image": "http://randomwaifu.altervista.org/images/0040.png"
    },
    {
	"teks": "Yukiho Hagiwara from The Idolmaster",
	"image": "http://randomwaifu.altervista.org/images/0031.png"
    },
    {
	"teks": "Ako Udagawa from BanG Dream!",
	"image": "http://randomwaifu.altervista.org/images/0095.png"
    },
    {
	"teks": "Android N18 from Dragon Ball",
	"image": "http://randomwaifu.altervista.org/images/0094.png"
    },
    {
	"teks": "Yoko Littner from Tengen Toppa Gurren Lagann",
	"image": "http://randomwaifu.altervista.org/images/0046.png"
    },
    {
	"teks": "Ako Udagawa from BanG Dream!",
	"image": "http://randomwaifu.altervista.org/images/0095.png"
    },
    {
	"teks": "Satsuki Kiryuin from Kill la Kill",
	"image": "http://randomwaifu.altervista.org/images/0022.png"
    },
    {
	"teks": "Shuchi from Shuchi no ryouko",
	"image": "http://randomwaifu.altervista.org/images/0016.png"
    },
    {
	"teks": "Illyasviel von Einzbern from Fate/Stay Night",
	"image": "http://randomwaifu.altervista.org/images/0012.png"
    },
    {
	"teks": "Ranko Kanzaki from The Idolmaster",
	"image": "http://randomwaifu.altervista.org/images/0088.png"
    },
    {
	"teks": "Eru Chitanda from Hyouka",
	"image": "http://randomwaifu.altervista.org/images/0054.png"
    },
    {
	"teks": "Chitoge Kirisaki from Nisekoi",
	"image": "http://randomwaifu.altervista.org/images/0020.png"
    },
    {
	"teks": "Ai-chan from Getsuyoubi no Tawawa",
	"image": "http://randomwaifu.altervista.org/images/0096.png"
    },
    {
	"teks": "Satsuki Kiryuin from Kill la Kill",
	"image": "http://randomwaifu.altervista.org/images/0022.png"
    },
    {
	"teks": "Ochaco Uraraka from My Hero Academia",
	"image": "http://randomwaifu.altervista.org/images/0057.png"
    },
    {
	"teks": "Unknown from Unknown",
	"image": "http://randomwaifu.altervista.org/images/0067.png"
    },
    {
	"teks": "Azusa Azuki from Hentai oji to warawanai neko",
	"image": "http://randomwaifu.altervista.org/images/0086.png"
    },
    {
	"teks": "Satsuki Kiryuin from Kill la Kill",
	"image": "http://randomwaifu.altervista.org/images/0022.png"
    },
    {
	"teks": "Kurumi Tokisaki from Date a Live!",
	"image": "http://randomwaifu.altervista.org/images/0044.png"
    },
    {
	"teks": "Isuzu Sento from Amagi Brilliant Park",
	"image": "http://randomwaifu.altervista.org/images/0023.png"
    },
    {
	"teks": "Yuri Nakamura from Angel Beats!",
	"image": "http://randomwaifu.altervista.org/images/0050.png"
    },
    {
	"teks": "Moca Aoba from BanG Dream!",
	"image": "http://randomwaifu.altervista.org/images/0068.png"
    },
    {
	"teks": "Mea Kurosaki from To Love-Ru",
	"image": "http://randomwaifu.altervista.org/images/0008.png"
    },
    {
	"teks": "Mikoto Misaka from A Certain Magical Index",
	"image": "http://randomwaifu.altervista.org/images/0047.png"
    },
    {
	"teks": "Aqua from Konosuba",
	"image": "http://randomwaifu.altervista.org/images/0098.png"
    },
    {
	"teks": "Manami Tamura from Oreimo",
	"image": "http://randomwaifu.altervista.org/images/0059.png"
    },
    {
	"teks": "Misaki Okusawa from BanG Dream!",
	"image": "http://randomwaifu.altervista.org/images/0035.png"
    },
    {
	"teks": "Dono from Dono-san chi no doe",
	"image": "http://randomwaifu.altervista.org/images/0015.png"
    },
    {
	"teks": "Rimi Ushigome from BanG Dream!",
	"image": "http://randomwaifu.altervista.org/images/0052.png"
    },
    {
	"teks": "Tamaki Ako from Netoge no yome wa onna no ko janai to omotta?",
	"image": "http://randomwaifu.altervista.org/images/0092.png"
    },
    {
	"teks": "Kanade Tachibana from Angel Beats!",
	"image": "http://randomwaifu.altervista.org/images/0058.png"
    },
    {
	"teks": "Ako Udagawa from BanG Dream!",
	"image": "http://randomwaifu.altervista.org/images/0095.png"
    },
    {
	"teks": "Satsuki Kiryuin from Kill la Kill",
	"image": "http://randomwaifu.altervista.org/images/0022.png"
    },
    {
	"teks": "Ochaco Uraraka from My Hero Academia",
	"image": "http://randomwaifu.altervista.org/images/0057.png"
    },
    {
	"teks": "Misaki Okusawa from BanG Dream!",
	"image": "http://randomwaifu.altervista.org/images/0035.png"
    },
    {
	"teks": "Kurisu Makise from Steins;Gate",
	"image": "http://randomwaifu.altervista.org/images/0005.png"
    },
    {
	"teks": "Tsurumaki Kokoro from BanG Dream!",
	"image": "http://randomwaifu.altervista.org/images/0069.png"
    },
    {
	"teks": "RO500 from Kantai Collection",
	"image": "http://randomwaifu.altervista.org/images/0072.png"
    },
    {
	"teks": "Lilliluka Arde from DanMachi",
	"image": "http://randomwaifu.altervista.org/images/0026.png"
    },
    {
	"teks": "Unknown from Unknown",
	"image": "http://randomwaifu.altervista.org/images/0067.png"
    },
    {
	"teks": "Princess King Boo from Internet",
	"image": "http://randomwaifu.altervista.org/images/0082.png"
    },
    {
	"teks": "Illyasviel von Einzbern from Fate/Stay Night",
	"image": "http://randomwaifu.altervista.org/images/0012.png"
    },
    {
	"teks": "Kurisu Makise from Steins;Gate",
	"image": "http://randomwaifu.altervista.org/images/0005.png"
    },
    {
	"teks": "Saber Alter from Fate/Stay Night",
	"image": "http://randomwaifu.altervista.org/images/0076.png"
    },
    {
	"teks": "Himiko Toga from My Hero Academia",
	"image": "http://randomwaifu.altervista.org/images/0009.png"
    },
    {
	"teks": "Tsubasa Hanekawa from Monogatari Series",
	"image": "http://randomwaifu.altervista.org/images/0055.png"
    },
    {
	"teks": "Saber from Fate/Stay Night",
	"image": "http://randomwaifu.altervista.org/images/0077.png"
    },
    {
	"teks": "Chitoge Kirisaki from Nisekoi",
	"image": "http://randomwaifu.altervista.org/images/0020.png"
    },
    {
	"teks": "Mikoto Misaka from A Certain Magical Index",
	"image": "http://randomwaifu.altervista.org/images/0047.png"
    },
    {
	"teks": "Zero Two from Darling in the Franxx",
	"image": "http://randomwaifu.altervista.org/images/0081.png"
    },
    {
	"teks": "Saori Makishima from Oreimo",
	"image": "http://randomwaifu.altervista.org/images/0037.png"
    },
    {
	"teks": "Azusa Miura from The Idolmaster",
	"image": "http://randomwaifu.altervista.org/images/0036.png"
    },
    {
	"teks": "Eru Chitanda from Hyouka",
	"image": "http://randomwaifu.altervista.org/images/0054.png"
    },
    {
	"teks": "Kyouko Toshinou from Yuru Yuri!",
	"image": "http://randomwaifu.altervista.org/images/0018.png"
    },
    {
	"teks": "Unknown from Unknown",
	"image": "http://randomwaifu.altervista.org/images/0051.png"
    },
    {
	"teks": "Lilliluka Arde from DanMachi",
	"image": "http://randomwaifu.altervista.org/images/0026.png"
    },
    {
	"teks": "Mirai Kuriyama from Kyoukai no Kanata",
	"image": "http://randomwaifu.altervista.org/images/0025.png"
    },
    {
	"teks": "Tamaki Ako from Netoge no yome wa onna no ko janai to omotta?",
	"image": "http://randomwaifu.altervista.org/images/0092.png"
    },
    {
	"teks": "Sarashiki Tatenashi from Infinite Stratos",
	"image": "http://randomwaifu.altervista.org/images/0040.png"
    },
    {
	"teks": "Himari Uehara from BanG Dream!",
	"image": "http://randomwaifu.altervista.org/images/0084.png"
    },
    {
	"teks": "Revy from Black Lagoon",
	"image": "http://randomwaifu.altervista.org/images/0062.png"
    },
    {
	"teks": "Android N18 from Dragon Ball",
	"image": "http://randomwaifu.altervista.org/images/0094.png"
    },
    {
	"teks": "Ai-chan from Getsuyoubi no Tawawa",
	"image": "http://randomwaifu.altervista.org/images/0096.png"
    },
    {
	"teks": "Android N21 from Dragon Ball",
	"image": "http://randomwaifu.altervista.org/images/0078.png"
    },
    {
	"teks": "Unknown from Unknown",
	"image": "http://randomwaifu.altervista.org/images/0090.png"
    },
    {
	"teks": "Revy from Black Lagoon",
	"image": "http://randomwaifu.altervista.org/images/0062.png"
    },
    {
	"teks": "Himiko Toga from My Hero Academia",
	"image": "http://randomwaifu.altervista.org/images/0009.png"
    },
    {
	"teks": "Marisa Kirisame from Touhou Project",
	"image": "http://randomwaifu.altervista.org/images/0065.png"
    },
    {
	"teks": "Nadeshiko Kagamihara from Yuru Camp",
	"image": "http://randomwaifu.altervista.org/images/0099.png"
    },
    {
	"teks": "Yuno Gasai from Mirai Nikki",
	"image": "http://randomwaifu.altervista.org/images/0019.png"
    },
    {
	"teks": "Abigail Williams from Fate/Grand Order",
	"image": "http://randomwaifu.altervista.org/images/0074.png"
    },
    {
	"teks": "Nadeshiko Kagamihara from Yuru Camp",
	"image": "http://randomwaifu.altervista.org/images/0099.png"
    },
    {
	"teks": "RO500 from Kantai Collection",
	"image": "http://randomwaifu.altervista.org/images/0072.png"
    },
    {
	"teks": "Ran Mitake from BanG Dream!",
	"image": "http://randomwaifu.altervista.org/images/0066.png"
    },
    {
	"teks": "Rei Ayanami from Neon Genesis Evangelion",
	"image": "http://randomwaifu.altervista.org/images/0003.png"
    },
    {
	"teks": "Shinobu Oshino from Monogatari Series",
	"image": "http://randomwaifu.altervista.org/images/0010.png"
    },
    {
	"teks": "Lisa Imai from BanG Dream!",
	"image": "http://randomwaifu.altervista.org/images/0038.png"
    },
    {
	"teks": "Manami Tamura from Oreimo",
	"image": "http://randomwaifu.altervista.org/images/0059.png"
    },
    {
	"teks": "Gertrud Barkhorn from Strike Witches",
	"image": "http://randomwaifu.altervista.org/images/0060.png"
    },
    {
	"teks": "Madoka Kaname from Puella Magi Madoka Magica",
	"image": "http://randomwaifu.altervista.org/images/0032.png"
    },
    {
	"teks": "Unknown from Unknown",
	"image": "http://randomwaifu.altervista.org/images/0067.png"
    },
    {
	"teks": "Abigail Williams from Fate/Grand Order",
	"image": "http://randomwaifu.altervista.org/images/0074.png"
    },
    {
	"teks": "Shinobu Oshino from Monogatari Series",
	"image": "http://randomwaifu.altervista.org/images/0010.png"
    },
    {
	"teks": "Manami Tamura from Oreimo",
	"image": "http://randomwaifu.altervista.org/images/0059.png"
    },
    {
	"teks": "Abigail Williams from Fate/Grand Order",
	"image": "http://randomwaifu.altervista.org/images/0074.png"
    },
    {
	"teks": "Saori Makishima from Oreimo",
	"image": "http://randomwaifu.altervista.org/images/0037.png"
    },
    {
	"teks": "Isuzu Sento from Amagi Brilliant Park",
	"image": "http://randomwaifu.altervista.org/images/0023.png"
    },
    {
	"teks": "Misaki Okusawa from BanG Dream!",
	"image": "http://randomwaifu.altervista.org/images/0035.png"
    },
    {
	"teks": "Elizabeth Lyonesse from The Seven Deadly Sins",
	"image": "http://randomwaifu.altervista.org/images/0079.png"
    },
    {
	"teks": "Ranko Kanzaki from The Idolmaster",
	"image": "http://randomwaifu.altervista.org/images/0088.png"
    },
    {
	"teks": "Rei Ayanami from Neon Genesis Evangelion",
	"image": "http://randomwaifu.altervista.org/images/0003.png"
    },
    {
	"teks": "Rei Ayanami from Neon Genesis Evangelion",
	"image": "http://randomwaifu.altervista.org/images/0003.png"
    },
    {
	"teks": "Mai Sakurajima from Seishun buta yar?",
	"image": "http://randomwaifu.altervista.org/images/0063.png"
    },
    {
	"teks": "Aqua from Konosuba",
	"image": "http://randomwaifu.altervista.org/images/0098.png"
    },
    {
	"teks": "Chitoge Kirisaki from Nisekoi",
	"image": "http://randomwaifu.altervista.org/images/0020.png"
    },
    {
	"teks": "Dono from Dono-san chi no doe",
	"image": "http://randomwaifu.altervista.org/images/0015.png"
    },
    {
	"teks": "Satsuki Kiryuin from Kill la Kill",
	"image": "http://randomwaifu.altervista.org/images/0022.png"
    },
    {
	"teks": "Ran Mitake from BanG Dream!",
	"image": "http://randomwaifu.altervista.org/images/0066.png"
    },
    {
	"teks": "Inori Yuzuriha from Guilty Crown",
	"image": "http://randomwaifu.altervista.org/images/0029.png"
    },
    {
	"teks": "Tomoe Udagawa from BanG Dream!",
	"image": "http://randomwaifu.altervista.org/images/0039.png"
    },
    {
	"teks": "Dono from Dono-san chi no doe",
	"image": "http://randomwaifu.altervista.org/images/0015.png"
    },
    {
	"teks": "Aqua from Konosuba",
	"image": "http://randomwaifu.altervista.org/images/0098.png"
    },
    {
	"teks": "Makoto Kikuchi from The Idolmaster",
	"image": "http://randomwaifu.altervista.org/images/0034.png"
    },
    {
	"teks": "Holo from Spice and Wolf",
	"image": "http://randomwaifu.altervista.org/images/0007.png"
    },
    {
	"teks": "Unknown from Unknown",
	"image": "http://randomwaifu.altervista.org/images/0053.png"
    },
    {
	"teks": "Yuno Gasai from Mirai Nikki",
	"image": "http://randomwaifu.altervista.org/images/0019.png"
    },
    {
	"teks": "Rin Shibuya  from The Idolmaster",
	"image": "http://randomwaifu.altervista.org/images/0042.png"
    },
    {
	"teks": "Jibril from No Game No Life",
	"image": "http://randomwaifu.altervista.org/images/0056.png"
    },
    {
	"teks": "Satsuki Kiryuin from Kill la Kill",
	"image": "http://randomwaifu.altervista.org/images/0022.png"
    },
    {
	"teks": "Himiko Toga from My Hero Academia",
	"image": "http://randomwaifu.altervista.org/images/0009.png"
    },
    {
	"teks": "Tamaki Ako from Netoge no yome wa onna no ko janai to omotta?",
	"image": "http://randomwaifu.altervista.org/images/0092.png"
    },
    {
	"teks": "Yuno Gasai from Mirai Nikki",
	"image": "http://randomwaifu.altervista.org/images/0019.png"
    },
    {
	"teks": "Lisa Imai from BanG Dream!",
	"image": "http://randomwaifu.altervista.org/images/0038.png"
    },
    {
	"teks": "Tomoe Udagawa from BanG Dream!",
	"image": "http://randomwaifu.altervista.org/images/0039.png"
    },
    {
	"teks": "Sakura Kinomoto from Card Captor Sakura",
	"image": "http://randomwaifu.altervista.org/images/0070.png"
    },
    {
	"teks": "Haruhi Suzumiya from The Melancholy of Haruhi Suzumiya",
	"image": "http://randomwaifu.altervista.org/images/0006.png"
    },
    {
	"teks": "Azusa Azuki from Hentai oji to warawanai neko",
	"image": "http://randomwaifu.altervista.org/images/0086.png"
    },
    {
	"teks": "Ochaco Uraraka from My Hero Academia",
	"image": "http://randomwaifu.altervista.org/images/0057.png"
    },
    {
	"teks": "Yui Hirasawa from K-ON!",
	"image": "http://randomwaifu.altervista.org/images/0030.png"
    },
    {
	"teks": "Yuri Nakamura from Angel Beats!",
	"image": "http://randomwaifu.altervista.org/images/0050.png"
    }
    

]